ID,TYPE,SUBTYPE,RATING
FraME-projects__PyFraME__Job-Retry__codecov,Job-Retry,,TRUE
HiSchoolProject__BackSchool__Versioning__requirementstxt__djangorestframework__missing,Versioning,missing,TRUE
carmenbianca__pyparadox__Job-Allow-Failure__coverage,Job-Allow-Failure,,TRUE
cravacuore__rawRSS__Job-Allow-Failure__container_scanning,Job-Allow-Failure,,TRUE
barrel__barrel-wordpress__Manual-Job__create_merge_request,Manual-Job,,FALSE
paurosello__sparkpost_integration__Versioning__requirementstxt__python-slugify__missing,Versioning,missing,TRUE
picos-api__picos__Versioning__gitlabyaml__swiglpk__missing,Versioning,missing,TRUE
agrumery__aGrUM__Job-Retry__macos_pyagrum,Job-Retry,,TRUE
eightnoteight__rss_channel_bot__Versioning__requirementstxt__aiohttp__missing,Versioning,missing,TRUE
artem-sidorenko__chef-rkt__Job-Allow-Failure__kitchen-testing-packages,Job-Allow-Failure,,TRUE
jknix__sspyrs__Versioning__requirementstxt__openpyxl__any-upper-version,Versioning,any-upper-version,TRUE
naveenlj__alerta__Versioning__requirementstxt____missing,Versioning,missing,TRUE
junquera__toc-toc-ssh__Versioning__gitlabyaml__twine__missing,Versioning,missing,FALSE
elixire__elixire__Versioning__gitlabyaml__virtualenv__missing,Versioning,missing,TRUE
zelebez6969__sbpy3__Versioning__requirementstxt__youtube_dl__missing,Versioning,missing,TRUE
AnakiKaiver297__Requiem-Project__Versioning__requirementstxt__bs4__missing,Versioning,missing,TRUE
chamilotools__chamilotools__Versioning__requirementstxt__xlwt__missing,Versioning,missing,TRUE
v01d-gl__translator-text__Versioning__requirementstxt__flask__missing,Versioning,missing,TRUE
gitlab-examples__php__Job-Allow-Failure__test-php7-mysql,Job-Allow-Failure,,TRUE
bigapplepy__yak-bak__Versioning__requirementstxt__diff-match-patch__only-major-number,Versioning,only-major-number,TRUE
juergen-kosel-jk__wireshark__Job-Retry__gcc-6,Job-Retry,,TRUE
unylmz__CICD-tst__Versioning__com-sahabt-sample-jsf-1-0-0-SNAPSHOT__javax-inject-javax-inject__only-major-number,Versioning,only-major-number,TRUE
kimlab__uniparc_xml_parser__Job-Allow-Failure__test-pages,Job-Allow-Failure,,TRUE
ccis-irad__nifi-calrissian-processors__Versioning__com-keywcorp-ccis-irad-nifi-nifi-calrissian-processors-__org-slf4j-slf4j-simple__missing,Versioning,missing,TRUE
Dennovin__kqb__Versioning__requirementstxt__trueskill__missing,Versioning,missing,TRUE
masakura__issues__Job-Allow-Failure__firefox-branches,Job-Allow-Failure,,TRUE
gwasser__django-helpdesk__Versioning__requirementstxt__django-bootstrap-form__only-major-number,Versioning,only-major-number,TRUE
gpaw__gpaw__Versioning__gitlabyaml__ase__missing,Versioning,missing,TRUE
honeyryderchuck__httpx__Job-Allow-Failure__test_jruby,Job-Allow-Failure,,TRUE
unhangout__reunhangout__Versioning__requirementstxt__selenium__any-upper-version,Versioning,any-upper-version,TRUE
ColoradoSchoolOfMines__acm-officer-resources__Versioning__requirementstxt__sphinx_rtd_theme__missing,Versioning,missing,FALSE
mauriciobaeza__empresa-libre__Versioning__requirementstxt__falcon__missing,Versioning,missing,TRUE
eyeo__adblockplus__adblockpluscore__Job-Retry__docs,Job-Retry,,TRUE
subnetzero__iridium__Job-Allow-Failure__cargo-test,Job-Allow-Failure,,TRUE
neo0x3d__ffp_infoscreen__Versioning__requirementstxt__geopy__missing,Versioning,missing,TRUE
vitkin__sfdc-email-to-case-agent__Versioning__com-sforce-sfdc-email-to-case-agent-1-9__junit-junit__only-major-number,Versioning,only-major-number,FALSE
pgerber__zbase32-rust__Job-Allow-Failure__nightly,Job-Allow-Failure,,TRUE
Manu343726__tinyrefl__Job-Retry__conan-integration-gcc5,Job-Retry,,TRUE
pleasantone__intel-times__Versioning__requirementstxt__python-dateutil__missing,Versioning,missing,TRUE
gitlab-org__quality__triage-ops__Manual-Job__dry-run-stage-and-groups-labels-hygiene-gitlab-org,Manual-Job,,TRUE
XRevan86__hptoad__Versioning__requirementstxt__slixmpp__missing,Versioning,missing,TRUE
opolat__dropwizard-example__Versioning__akquinet-hello-world-1-0-SNAPSHOT__io-dropwizard-dropwizard-core__missing,Versioning,missing,TRUE
ciferkey__soup-bot__Versioning__requirementstxt__fs__missing,Versioning,missing,TRUE
BVollmerhaus__blurwal__Versioning__gitlabyaml__twine__missing,Versioning,missing,FALSE
open-sourceress__violet__Versioning__requirementstxt__pint__missing,Versioning,missing,TRUE
vectoridau__awebus__Versioning__gitlabyaml__twine__missing,Versioning,missing,FALSE
CommandCrafterHD__level-bot__Versioning__requirementstxt__git-https---github-com-Rapptz-discord-py-rewrite__missing,Versioning,missing,TRUE
JonathonReinhart__gitlab-artifact-cleanup__Versioning__requirementstxt__python-gitlab__any-upper-version,Versioning,any-upper-version,TRUE
VSI-TUGraz__Dynasaur__Versioning__requirementstxt__Pillow__missing,Versioning,missing,TRUE
offa__docker-images-ci__Job-Retry__stm32-eth_clang-5,Job-Retry,,TRUE
Retr0_System__LBRY__Versioning__requirementstxt__git-https---github-com-lbryio-lbryum-git-v3-2-1-egg-lbryum__missing,Versioning,missing,FALSE
j-marchini__nap__Versioning__requirementstxt__python-dateutil__missing,Versioning,missing,TRUE
xonotic__xonstat__Versioning__requirementstxt__SQLAlchemy__missing,Versioning,missing,TRUE
pycqa__pydocstyle__Versioning__requirementstxt____missing,Versioning,missing,FALSE
code-stats__code-stats-vim__Versioning__gitlabyaml__neovim__missing,Versioning,missing,TRUE
chand3040__suryan_odoo_sose__Versioning__requirementstxt__http---download-gna-org-pychart-PyChart-1-39-tar-gz-egg-PyChart__missing,Versioning,missing,TRUE
sarpdev__asyncbot__Versioning__requirementstxt__discord-py__missing,Versioning,missing,TRUE
ev9__ssh_multi__Versioning__requirementstxt__paramiko__missing,Versioning,missing,TRUE
sirimangalo__meditation-plus__Job-Allow-Failure__dependency_scanning,Job-Allow-Failure,,TRUE
thorgate-public__django-project-template__Versioning__requirementstxt__PyYAML__any-upper-version,Versioning,any-upper-version,TRUE
mmmickmason2__ether-router-master__Job-Allow-Failure__codequality,Job-Allow-Failure,,TRUE
deadc0de6__dotdrop__Versioning__requirementstxt____missing,Versioning,missing,TRUE
crwxrws__psycheled__Job-Allow-Failure__rust-nightly,Job-Allow-Failure,,TRUE
Banzyme2__django-cloud9-dokcer__Versioning__requirementstxt__psycopg2__missing,Versioning,missing,TRUE
failmap__admin__Job-Retry__build_test,Job-Retry,,TRUE
oprudkyi__laravel-bootstrap-adminlte-starter-kit__Job-Allow-Failure__test-php71,Job-Allow-Failure,,TRUE
development-incolume__incolumepy-utils__Versioning__requirementstxt__deprecated__missing,Versioning,missing,TRUE
vstconsulting__polemarch__Job-Allow-Failure__release_pypi,Job-Allow-Failure,,TRUE
Vertana__lolresearchbot__Job-Allow-Failure__stop_review,Job-Allow-Failure,,TRUE
oly-exams__exam_tools__Versioning__requirementstxt__django-crispy-forms__missing,Versioning,missing,TRUE
fpdpy__fpd__Job-Allow-Failure__test_docstrings-p3,Job-Allow-Failure,,TRUE
denkmal__denkmal-website__Job-Retry__deploy-production,Job-Retry,,TRUE
bachtungvantung__gitlab-ce__Job-Allow-Failure__rspec-pg-rails5-22-30,Job-Allow-Failure,,TRUE
radek-sprta__mariner__Job-Retry__test-python37,Job-Retry,,TRUE
rosarior__django-inventory__Versioning__requirementstxt____missing,Versioning,missing,FALSE
smartbgp__yabgp__Versioning__requirementstxt__oslo-config__any-upper-version,Versioning,any-upper-version,TRUE
rafael-santana__poc-multi-tenant__Job-Allow-Failure__code_quality,Job-Allow-Failure,,TRUE
Semama__Wall-E__Versioning__requirementstxt__requests__missing,Versioning,missing,TRUE
passit__passit-backend__Versioning__requirementstxt__freezegun__missing,Versioning,missing,TRUE
opencraft__opencraft__Versioning__requirementstxt____missing,Versioning,missing,TRUE
systent__dj_chart__Versioning__requirementstxt__django__any-upper-version,Versioning,any-upper-version,TRUE
cyberbudy__django-postie__Versioning__requirementstxt____missing,Versioning,missing,FALSE
webprogrammingUniTN__webproject__Versioning__com-soapandtherest-shoppinglist-shoppinglist-data-__javax-inject-javax-inject__only-major-number,Versioning,only-major-number,TRUE
JonathonReinhart__gitlab-artifact-cleanup__Versioning__requirementstxt__python-dateutil__missing,Versioning,missing,TRUE
MaphsterB__pyramid-rlp__Versioning__requirementstxt____missing,Versioning,missing,TRUE
kai-richard-koenig__easytainer-cli__Versioning__requirementstxt__requests__missing,Versioning,missing,TRUE
FloweeTheHub__thehub__Job-Allow-Failure__createHubDocker,Job-Allow-Failure,,TRUE
timelord__sklearn_transformers__Versioning__requirementstxt__numpy__missing,Versioning,missing,TRUE
tglman__persy__Job-Allow-Failure__upload_report,Job-Allow-Failure,,TRUE
francois-travais__1tipi2bicycles__Job-Retry__build-test,Job-Retry,,TRUE
AnjiProject__anji-core__Versioning__gitlabyaml__twine__missing,Versioning,missing,FALSE
codelibre__schroot__Job-Allow-Failure__debian-unstable,Job-Allow-Failure,,TRUE
rolla__xpncms__Job-Allow-Failure__yarn,Job-Allow-Failure,,TRUE
arma3-server-tools__modmanager__Versioning__requirementstxt__networkx__any-upper-version,Versioning,any-upper-version,TRUE
thoughtvector__grpc-ping-pong__Versioning__requirementstxt__grpcio-tools__missing,Versioning,missing,FALSE
luichan__official-wireshark__Job-Retry__clang-5,Job-Retry,,TRUE
rpdev__opentodolist__Manual-Job__macos,Manual-Job,,TRUE
xhang__gitlab__Manual-Job__build-package,Manual-Job,,TRUE
petervaro__pcd__Versioning__requirementstxt__uncompyle6__any-upper-version,Versioning,any-upper-version,TRUE
gitzone__npmts__Job-Allow-Failure__testLEGACY,Job-Allow-Failure,,TRUE
ponyweb-ensemble__PonyWeb__Versioning__requirementstxt__BeautifulSoup4__missing,Versioning,missing,TRUE
vstconsulting__polemarch-docker__Versioning__requirementstxt__bash__missing,Versioning,missing,TRUE
tessia-project__tessia__Versioning__requirementstxt__jsonschema__any-upper-version,Versioning,any-upper-version,TRUE
jankubierecki__UEKPartnership__Versioning__requirementstxt__django-admin-list-filter-dropdown__missing,Versioning,missing,TRUE
formschema__native__Job-Allow-Failure__npm-outdated,Job-Allow-Failure,,TRUE
jakesys__aws__Job-Allow-Failure__dependency_scanning,Job-Allow-Failure,,TRUE
lucj__sophia-events__Job-Allow-Failure__image_scanning_clair,Job-Allow-Failure,,TRUE
serial-lab__quartet_capture__Versioning__requirementstxt__django-model-utils__any-upper-version,Versioning,any-upper-version,TRUE
Synder__Tokage__Versioning__requirementstxt__lxml__any-upper-version,Versioning,any-upper-version,TRUE
vstconsulting__polemarch-ansible__Job-Retry__py36-install-ansible25,Job-Retry,,TRUE
librespacefoundation__satnogs__satnogs-docs__Versioning__requirementstxt__APScheduler__missing,Versioning,missing,TRUE
daxm__Cisco-SDA-Setup-Notes__Versioning__requirementstxt__jinja2__missing,Versioning,missing,TRUE
anatoli__InstaPy__Versioning__requirementstxt__webdriverdownloader__missing,Versioning,missing,TRUE
jwcha__my-interactive-coding-challenges__Versioning__requirementstxt__prompt_toolkit__any-upper-version,Versioning,any-upper-version,TRUE
mosaic-mfg__palette-2-plugin__Versioning__requirementstxt__-__missing,Versioning,missing,FALSE
galacteek__galacteek__Versioning__requirementstxt__json-traverse__any-upper-version,Versioning,any-upper-version,TRUE
linran__wistomgraden__Versioning__requirementstxt__diff-match-patch__only-major-number,Versioning,only-major-number,TRUE
hexoshi__hexoshi__Versioning__requirementstxt__pygame__any-upper-version,Versioning,any-upper-version,TRUE
cyberfighter-org__environment-readme-md__Job-Allow-Failure__code_quality,Job-Allow-Failure,,TRUE
enzanki_ars__live-tv__Versioning__requirementstxt____missing,Versioning,missing,TRUE
npolar__sphinx-docs-template__Versioning__requirementstxt__sphinx-rtd-theme__missing,Versioning,missing,TRUE
jeff-triplett__django-pghero__Versioning__requirementstxt__check-manifest__missing,Versioning,missing,FALSE
remcohaszing__eslint-formatter-gitlab__Job-Allow-Failure__dependency-scanning,Job-Allow-Failure,,TRUE
radek-sprta__mariner__Versioning__gitlabyaml__mkdocs__missing,Versioning,missing,FALSE
rubickcz__chat__Job-Allow-Failure__code-quality,Job-Allow-Failure,,TRUE
efunb__read_input__Job-Allow-Failure__cratesio,Job-Allow-Failure,,TRUE
finding-ray__antikythera__Job-Allow-Failure__test_armv7l,Job-Allow-Failure,,TRUE
Flockademic__plaudit__Job-Retry__e2e-chrome,Job-Retry,,TRUE
gotfix__docker-gitlab__Job-Allow-Failure__lint,Job-Allow-Failure,,TRUE
demsking__image-downloader__Job-Allow-Failure__npm-outdated,Job-Allow-Failure,,TRUE
mataara__Mataara-Server__Versioning__requirementstxt____missing,Versioning,missing,FALSE
metaperl__surgetrader__Versioning__requirementstxt__marrow-mailer__missing,Versioning,missing,TRUE
leopardm__dnd__Versioning__gitlabyaml__requests__missing,Versioning,missing,TRUE
the-vision__botorosa__Versioning__requirementstxt__https---storage-googleapis-com-tensorflow-linux-cpu-tensorflow-0-10-0-cp35-cp35m-linux_x86_64-whl__missing,Versioning,missing,FALSE
martynbristow__gabbi__Versioning__requirementstxt__urllib3__any-upper-version,Versioning,any-upper-version,TRUE
aurorafossorg__apps__tuna__Job-Allow-Failure__code_quality,Job-Allow-Failure,,TRUE
ID4me__id4me-rp-client-python__Versioning__requirementstxt__typing__any-upper-version,Versioning,any-upper-version,FALSE
laurentbachelier__weboob__Job-Allow-Failure__unittests-modules-3,Job-Allow-Failure,,TRUE
hop23typhu__baseapp__Job-Allow-Failure__codequality,Job-Allow-Failure,,TRUE
ultreiaio__jgit-flow__Manual-Job__latest-site,Manual-Job,,FALSE
e0__nbviewer__Versioning__requirementstxt__pylibmc__missing,Versioning,missing,TRUE
Ritubh__kubernetes__Job-Allow-Failure__codequality,Job-Allow-Failure,,TRUE
alrazi__ini_xmiconverter__Versioning__COBHUNI-ini_xmiconverter-0-0-1-SNAPSHOT__de-tudarmstadt-ukp-dkpro-core-de-tudarmstadt-ukp-dkpro-core-testing-asl__missing,Versioning,missing,FALSE
EAVISE__lightnet__Versioning__requirementstxt__--visual-__missing,Versioning,missing,TRUE
valtron__msn-server__Versioning__requirementstxt__git-https---gitlab-com-valtron-sqlaltery-git-0-1-0__missing,Versioning,missing,FALSE
o9000__google-code-to-gitlab__Versioning__requirementstxt__requests__any-upper-version,Versioning,any-upper-version,TRUE
rigrassm__plexrequests-python__Versioning__requirementstxt__requests__missing,Versioning,missing,TRUE
emilopez__testeame__Versioning__requirementstxt__Pygments__missing,Versioning,missing,TRUE
mkleehammer__servant__Versioning__requirementstxt____missing,Versioning,missing,FALSE
q4d__vote-app__Versioning__requirementstxt__flask__missing,Versioning,missing,TRUE
vnphp__request-logger-bundle__Job-Allow-Failure__phpcs,Job-Allow-Failure,,TRUE
leinardi__gkraken__Versioning__requirementstxt__pygobject__missing,Versioning,missing,TRUE
atomap__atomap__Job-Allow-Failure__style_checks_flake8_docstrings,Job-Allow-Failure,,TRUE
juanfgs__yt-browser__Versioning__requirementstxt__oauth2client__missing,Versioning,missing,TRUE
ric_harvey__getAWSdocs__Versioning__requirementstxt__urlparse3__missing,Versioning,missing,TRUE
decko__epracas-backend__Versioning__requirementstxt____missing,Versioning,missing,FALSE
nimbus__django_template__Versioning__requirementstxt__xinge_push__any-upper-version,Versioning,any-upper-version,TRUE
finding-ray__antikythera__Versioning__requirementstxt__wheel__missing,Versioning,missing,FALSE
codeearth__drawdown__Versioning__requirementstxt__matplotlib__any-upper-version,Versioning,any-upper-version,TRUE
highside__node-amqp__Job-Allow-Failure__fmt-check,Job-Allow-Failure,,TRUE
KatHamer__HackWM__Versioning__requirementstxt__Xlib__any-upper-version,Versioning,any-upper-version,TRUE
lu-ci__sigma__apex-sigma__Versioning__requirementstxt__ftfy__missing,Versioning,missing,TRUE
digested__node-digest__Job-Retry__build-demo-typescript-library,Job-Retry,,TRUE
dalton__dalton__Job-Allow-Failure__nightly-coverage,Job-Allow-Failure,,TRUE
wolphin__wolphin-win__Versioning__gitlabyaml__wheel__missing,Versioning,missing,FALSE
neo-cs__addressbook__Versioning__mx-neocs-addressbook-addressbook-1-10-0-SNAPSHOT__org-hibernate-hibernate-jpamodelgen__missing,Versioning,missing,TRUE
LCaraccio__clever-sheep__Versioning__gitlabyaml__mock__missing,Versioning,missing,TRUE
simulabio__simulabio__Versioning__requirementstxt__beautifulsoup4__missing,Versioning,missing,TRUE
franksonet__bypy__Versioning__requirementstxt__requests__missing,Versioning,missing,TRUE
whendrik__zazu__Versioning__requirementstxt__argparse__missing,Versioning,missing,TRUE
dmantis__bitshares-assistant__Versioning__requirementstxt__sqlalchemy__missing,Versioning,missing,TRUE
ralphembree__Loquitor-Heroku__Versioning__requirementstxt__git-https---github-com-ralphembree-Loquitor__missing,Versioning,missing,TRUE
ALU__nuage_vsd_abstraction_from_yaml__Versioning__requirementstxt__vspk__missing,Versioning,missing,TRUE
wpdesk__wp-dataset__Manual-Job__phpmetric-metrics,Manual-Job,,TRUE
gnss-sdr__gnss-sdr__Job-Allow-Failure__position-leo,Job-Allow-Failure,,TRUE
clorichel__vue-gitlab-api__Job-Allow-Failure__npm-publish,Job-Allow-Failure,,TRUE
samba__webapptitude__Versioning__requirementstxt__stripe__missing,Versioning,missing,TRUE
IPMsim__Virtual-IPM__Versioning__requirementstxt__scipy__missing,Versioning,missing,TRUE
MinoMino__mindl__Versioning__requirementstxt__selenium__missing,Versioning,missing,TRUE
butala__pyrsss__Versioning__requirementstxt__more-itertools__missing,Versioning,missing,TRUE
balasankarc__python-gemdeps__Versioning__requirementstxt__pyyaml__missing,Versioning,missing,TRUE
danialbehzadi__danialassist__Versioning__requirementstxt__pyrogram__missing,Versioning,missing,TRUE
wallzero__jsplumb-react__Job-Retry__pages,Job-Retry,,TRUE
dataengi__marketing__www-dataengi-com__Job-Allow-Failure__check_links,Job-Allow-Failure,,TRUE
LuWaWaSP__T-brain-trendmicro__Versioning__requirementstxt__numpy__missing,Versioning,missing,TRUE
cromse__django-plataform-colegio__Versioning__requirementstxt____missing,Versioning,missing,FALSE
fluidattacks__asserts__Job-Retry__deploy,Job-Retry,,TRUE
metapensiero__metapensiero-sqlalchemy-asyncpg__Versioning__requirementstxt____missing,Versioning,missing,FALSE
stp-team__systemtestportal-webapp__Job-Allow-Failure__lint-source,Job-Allow-Failure,,TRUE
github-cloud-corp__django-rest-framework__Versioning__requirementstxt____missing,Versioning,missing,FALSE
moorepants__skijumpdesign__Versioning__requirementstxt____missing,Versioning,missing,FALSE
mauriciofrivera__text_scorekeeper__Versioning__requirementstxt____missing,Versioning,missing,FALSE
edelweiss-linux__backend__Versioning__requirementstxt__django__only-major-number,Versioning,only-major-number,TRUE
tp-ppw__tp1_ppw_2018_2019_1__Versioning__requirementstxt__requests__missing,Versioning,missing,TRUE
Cayan_HacktheHub__TamaTrainer__Versioning__requirementstxt__matplotlib__missing,Versioning,missing,TRUE
clinton-lawrence2__hockey-alert__Versioning__requirementstxt__pytz__missing,Versioning,missing,TRUE
alakantti__alakantti__Versioning__requirementstxt____missing,Versioning,missing,FALSE
dennismaxjung__vscode-dotnet-auto-attach__Job-Allow-Failure__dependency_scanning,Job-Allow-Failure,,TRUE
juergens__stabbot__Versioning__requirementstxt____missing,Versioning,missing,TRUE
java-tutorials__messenger__Versioning__org-nyna-messenger-1-0-SNAPSHOT__org-glassfish-jersey-jersey-bom__missing,Versioning,missing,TRUE
rubickcz__chat__Versioning__gitlabyaml__docker__missing,Versioning,missing,TRUE
sj1k__grizzbot__Versioning__requirementstxt__git-https---github-com-Rapptz-discord-py-rewrite__missing,Versioning,missing,TRUE
kousu__fbgate__Versioning__requirementstxt__thrift__missing,Versioning,missing,TRUE
dansiviter__cito__Job-Allow-Failure__code_quality,Job-Allow-Failure,,TRUE
fablabnapoli__EngraveCube__Versioning__requirementstxt__flask__missing,Versioning,missing,TRUE
bandaa__carrecognizer__Versioning__requirementstxt__gunicorn-19-9-0__missing,Versioning,missing,TRUE
rhab__PyOTRS__Versioning__requirementstxt__colorama__any-upper-version,Versioning,any-upper-version,TRUE
vijaiaeroastro__ScrapeForFun__Versioning__gitlabyaml__requests__missing,Versioning,missing,TRUE
carmenbianca__pyparadox__Versioning__requirementstxt____missing,Versioning,missing,FALSE
larsyunker__unithandler__Versioning__requirementstxt__numpy__missing,Versioning,missing,TRUE
fudaa__fudaa-crue__Versioning__org-fudaa-soft-fudaa-crue-ui-aoc-__org-fudaa-framework-ebli-ebli-1d__missing,Versioning,missing,TRUE
ChristophS__aws_adfs__Versioning__requirementstxt__beautifulsoup4__missing,Versioning,missing,TRUE
veloren__game__Job-Allow-Failure__clippy,Job-Allow-Failure,,TRUE
ser__beton__Versioning__requirementstxt____missing,Versioning,missing,FALSE
raeq__pciq__Versioning__requirementstxt__pytz__any-upper-version,Versioning,any-upper-version,TRUE
daniellawrence__go-links__Versioning__requirementstxt__flask_sqlalchemy__missing,Versioning,missing,TRUE
huyderman__lamassu__Job-Allow-Failure__rubocop,Job-Allow-Failure,,TRUE
materials-modeling__hiphive__Job-Allow-Failure__run_flake8,Job-Allow-Failure,,TRUE
buzzcode__Bamboo-Veracode__Versioning__com-veracode-bamboo-uploadscan-1-0-0__javax-inject-javax-inject__only-major-number,Versioning,only-major-number,TRUE
femprocomuns__ldapclient__Versioning__requirementstxt____missing,Versioning,missing,TRUE
binarioetico__flask-ci-demo__Versioning__requirementstxt__Flask-DotEnv__missing,Versioning,missing,TRUE
zachbresser__chbresser-public__Versioning__requirementstxt____missing,Versioning,missing,FALSE
nowayout__yara_sweeper__Versioning__requirementstxt__yara__missing,Versioning,missing,TRUE
rudy_dv__projet-django__Versioning__requirementstxt____missing,Versioning,missing,TRUE
obob__pymatreader__Job-Allow-Failure__code_quality,Job-Allow-Failure,,TRUE
openrail__uk__referencedata-nodejs__Job-Allow-Failure__code_coverage,Job-Allow-Failure,,TRUE
runarberg__trompt__Job-Allow-Failure__test-beta,Job-Allow-Failure,,TRUE
DMore__chrome-mink-driver__Job-Retry__PHP-7-0,Job-Retry,,TRUE
tsgkdt__sphinx-plantuml__Versioning__requirementstxt__sphinxbootstrap4theme__any-upper-version,Versioning,any-upper-version,TRUE
burke-software__django-report-builder__Versioning__requirementstxt__model_mommy__missing,Versioning,missing,TRUE
lambdait__mai-schedule-vk__Versioning__requirementstxt__aiopg__missing,Versioning,missing,TRUE
dhoomakethu__pymodbus__Versioning__requirementstxt__mock__any-upper-version,Versioning,any-upper-version,TRUE
anonymous-prodject__ZeroNet__Versioning__requirementstxt__gevent__any-upper-version,Versioning,any-upper-version,TRUE
anjanatiha__Distributed-Machine-Learning-for-Big-Data__Versioning__requirementstxt__https---cdn-mysql-com-Downloads-Connector-Python-mysql-connector-python-2-0-4-tar-gz__missing,Versioning,missing,FALSE
Bottersnike__crypko-py__Versioning__requirementstxt__web3__missing,Versioning,missing,TRUE
leroywarnt__sdlc__Versioning__gitlabyaml__requests__missing,Versioning,missing,TRUE
tezos__tezos__Job-Allow-Failure__integration-sandboxes-voting,Job-Allow-Failure,,TRUE
SunyataZero__remembering__Versioning__requirementstxt__PyQt5__any-upper-version,Versioning,any-upper-version,TRUE
Ma_124__build-py__Versioning__requirementstxt__termcolor__missing,Versioning,missing,TRUE
mgoral__subconvert__Versioning__requirementstxt__-__missing,Versioning,missing,FALSE
gbraad__fedora-wsl__Manual-Job__pages,Manual-Job,,TRUE
cuiyuan2012__P2PFileSharing__Versioning__cui-yuan-P2PFileSharing-1-0-SNAPSHOT__commons-cli-commons-cli__missing,Versioning,missing,TRUE
ewdurbin__chalice-github-auth__Versioning__requirementstxt__github3-py__missing,Versioning,missing,TRUE
bilalbox__panos_tester__Versioning__requirementstxt__tinydb__missing,Versioning,missing,TRUE
gnutls__gnutls__Job-Retry__abi-coverage,Job-Retry,,TRUE
dosuken123__thin-gdk__Job-Retry__postgresql-build,Job-Retry,,TRUE
maximedenes__coq__Job-Allow-Failure__ci-geocoq,Job-Allow-Failure,,TRUE
eyeo__adblockplus__abpui__adblockplusui__Manual-Job__uploadcrowdin,Manual-Job,,TRUE
guyzmo__git-repo__Versioning__requirementstxt__lxml__missing,Versioning,missing,TRUE
apifie__nodems__node-microservice__Job-Allow-Failure__license_management,Job-Allow-Failure,,TRUE
sue445__gitlab_awesome_release__Job-Allow-Failure__rubocop,Job-Allow-Failure,,TRUE
alexandre-tranchant__australian-client__Job-Allow-Failure__code_quality,Job-Allow-Failure,,TRUE
gioxa__odagrun__odagrun__Job-Retry__build_docs,Job-Retry,,TRUE
kimlab__rnapulse__Versioning__requirementstxt__tqdm__any-upper-version,Versioning,any-upper-version,TRUE
bryceschober__conan-cpputest__Versioning__gitlabyaml__conan_package_tools__missing,Versioning,missing,TRUE
kaliko__python-musicpd__Versioning__gitlabyaml__sphinx_rtd_theme__missing,Versioning,missing,TRUE
yuanliu9__QANet-pytorch__Versioning__requirementstxt____missing,Versioning,missing,TRUE
gitmate__open-source__IGitt__Versioning__requirementstxt__cryptography__only-major-number,Versioning,only-major-number,TRUE
Niloc37__traceanalyzer__Job-Allow-Failure__all-builds-clang,Job-Allow-Failure,,TRUE
tomecki__winietki__Versioning__requirementstxt__Jinja2__any-upper-version,Versioning,any-upper-version,TRUE
dhoomakethu__pymodbus__Versioning__requirementstxt____missing,Versioning,missing,FALSE
passit__passit-backend__Versioning__requirementstxt__ipdb__missing,Versioning,missing,TRUE
recalbox__recalbox__Manual-Job__build-rpi2-for-test,Manual-Job,,TRUE
melvinvermeeren__template_cpp__Job-Allow-Failure__regex_check,Job-Allow-Failure,,TRUE
Orange-OpenSource__lfn__onap__onap-tests__Versioning__gitlabyaml__virtualenv__missing,Versioning,missing,FALSE
meltano__meltano__Versioning__gitlabyaml__black__missing,Versioning,missing,FALSE
xomachine__SteamForwarder__Job-Allow-Failure__test-devel,Job-Allow-Failure,,TRUE
zetok__epaste__Job-Allow-Failure__rust_nightly,Job-Allow-Failure,,TRUE
ajth__interactive-coding-challenges__Versioning__requirementstxt__prompt_toolkit__any-upper-version,Versioning,any-upper-version,TRUE
gserv-me__Smithy__Versioning__requirementstxt__peewee-async__missing,Versioning,missing,TRUE
LazzyTeam__roguelike-pygame__Versioning__requirementstxt__numpy__missing,Versioning,missing,TRUE
davcri91__pyADB__Versioning__requirementstxt____missing,Versioning,missing,FALSE
reinimaurer1__coolvib__Versioning__requirementstxt____missing,Versioning,missing,FALSE
proot__proot__Job-Allow-Failure__check,Job-Allow-Failure,,TRUE
sherpa-team__sherpa__Manual-Job__build,Manual-Job,,TRUE
sumner__offlinemsmtp__Versioning__gitlabyaml__twine__missing,Versioning,missing,FALSE
AyraHikari__EmiliaHikari__Versioning__requirementstxt__python-telegram-bot__any-upper-version,Versioning,any-upper-version,TRUE
starshell__question__Job-Allow-Failure__rustfmt-stable-cargo,Job-Allow-Failure,,TRUE
FlumeAutomation__GRBL_Server__Versioning__requirementstxt__pyserial__missing,Versioning,missing,TRUE
seen__java__seen-retrofit-examples__Versioning__ir-co-dpq-seen-seen-retrofit-example-cms-download-__ir-co-dpq-seen-seen-retrofit-user__missing,Versioning,missing,TRUE
galacteek__galacteek__Versioning__requirementstxt__jsonschema__only-major-number,Versioning,only-major-number,TRUE
cmc_system__cmc__Job-Allow-Failure__deploy,Job-Allow-Failure,,TRUE
flectra-hq__build-tools__Versioning__requirementstxt__pyserial__missing,Versioning,missing,TRUE
r05323028__ptt_crawler__Versioning__requirementstxt____missing,Versioning,missing,TRUE
fmakdemir__cs533-assignment-4__Versioning__requirementstxt__nltk__missing,Versioning,missing,TRUE
PushFish__PushFish-Connectors__Versioning__requirementstxt__txzmq__missing,Versioning,missing,TRUE
Trilarion__civil__Versioning__requirementstxt__PyGame__any-upper-version,Versioning,any-upper-version,TRUE
ayan-b__plagiarism__Versioning__requirementstxt____missing,Versioning,missing,FALSE
simp__simp-core__Job-Retry__rpm_el6-puppet5,Job-Retry,,TRUE
askhl__python-ase__Versioning__requirementstxt__numpy__missing,Versioning,missing,TRUE
nutanix__curie__Job-Allow-Failure__pylint,Job-Allow-Failure,,TRUE
linagora__petals-cockpit__Job-Retry__test-frontend,Job-Retry,,TRUE
onepoint__junit-5-extensions__Job-Allow-Failure__dependency_scanning,Job-Allow-Failure,,TRUE
mrein__project-munsterroll__Versioning__munsterroll-munsterrollapp-1-0-SNAPSHOT__org-glassfish-jersey-containers-jersey-container-servlet-core__missing,Versioning,missing,TRUE
mshepherd__ludoj-recommender__Versioning__requirementstxt__turicreate__missing,Versioning,missing,TRUE
headlines-analyzer__scrapper__Versioning__requirementstxt____missing,Versioning,missing,FALSE
catalyst-it__catascope__Versioning__requirementstxt____missing,Versioning,missing,FALSE
ardilabs__sams-garden__Job-Allow-Failure__test_coverage,Job-Allow-Failure,,TRUE
bagage__cadastre-conflation__Job-Retry__build_citystats-refresher,Job-Retry,,TRUE
mdaffin__nand2tetris__Job-Allow-Failure__nightly,Job-Allow-Failure,,TRUE
finwo__ws-rc4__Job-Retry__publish-to-npmjs-com,Job-Retry,,TRUE
Pagure__pagure__Versioning__requirementstxt__python3-openid-python_version__any-upper-version,Versioning,any-upper-version,TRUE
tottokotkd__benicky__Job-Allow-Failure__rails_best_practices,Job-Allow-Failure,,TRUE
HyphanBot__HyphanBot__Versioning__requirementstxt__pyyaml__missing,Versioning,missing,TRUE
auto-breakfast__eggs__Versioning__gitlabyaml__bluepy__missing,Versioning,missing,TRUE
eLeCtrOssSnake__GMOD-Magic-Carpets__Job-Allow-Failure__code_quality,Job-Allow-Failure,,TRUE
anited__publish__Versioning__requirementstxt__Jinja2__any-upper-version,Versioning,any-upper-version,TRUE
pantomath-io__panto__Job-Retry__packages_index,Job-Retry,,TRUE
mike-koch__hitman-maps__Manual-Job__Refresh-Stage-DB,Manual-Job,,TRUE
jcreinhold__intensity-normalization__Versioning__requirementstxt__nibabel__missing,Versioning,missing,TRUE
Lucidiot__python-usda__Versioning__requirementstxt__requests__any-upper-version,Versioning,any-upper-version,TRUE
beardog__Onionr__Versioning__requirementstxt____missing,Versioning,missing,TRUE
neonox31__podcast-server__Job-Retry__test-18,Job-Retry,,TRUE
Callahan93__headless__Job-Allow-Failure__doxygen_pdf,Job-Allow-Failure,,TRUE
geoffreyp__django-cook__Versioning__requirementstxt__django-bootstrap4__missing,Versioning,missing,TRUE
bluefu__python-simple-webauth__Versioning__requirementstxt__pymysql__missing,Versioning,missing,TRUE
meltano__meltano__Versioning__gitlabyaml__---dev--__missing,Versioning,missing,FALSE
UnicornPowered__AWS-Client-Bootstrap__Versioning__gitlabyaml__chalice__missing,Versioning,missing,TRUE
european-data-portal__mqa-metric-service__Versioning__de-fhg-fokus-edp-mqa-metric-service-0-1__io-vertx-vertx-sql-common__missing,Versioning,missing,TRUE
arma3-server-tools__modmanager__Versioning__requirementstxt__git-git---github-com-reclosedev-requests-cache-git-5fe2bc23ba29c2aeeb55be15458f6443264db3a2-egg-requests-cache__missing,Versioning,missing,FALSE
petelawler__LiBrew__Versioning__requirementstxt__queuelib__missing,Versioning,missing,TRUE
jeremiecook__snips-skill-mpc__Versioning__requirementstxt__hermes-python__any-upper-version,Versioning,any-upper-version,TRUE
datrv4__probemon__Versioning__requirementstxt__scapy__missing,Versioning,missing,TRUE
ColoradoSchoolOfMines__visplay__Job-Allow-Failure__lint_js,Job-Allow-Failure,,TRUE
biotransistor__zerogravity__Versioning__requirementstxt__docker__any-upper-version,Versioning,any-upper-version,TRUE
eic__ejpm__Versioning__requirementstxt____missing,Versioning,missing,TRUE
DMore__chrome-mink-driver__Job-Retry__Headed-chrome-unstable,Job-Retry,,TRUE
jsonsonson__wily-cli__Job-Allow-Failure__pages,Job-Allow-Failure,,TRUE
vitvickiy__news_maker__Versioning__requirementstxt__alembic__missing,Versioning,missing,TRUE
joshlambert__minimal-ruby-app__Job-Allow-Failure__license_management,Job-Allow-Failure,,TRUE
user2589__ghd__Versioning__requirementstxt__numpy__missing,Versioning,missing,TRUE
HexerBeta__MNIST_AI__Versioning__requirementstxt____missing,Versioning,missing,TRUE
coreynwops__decred-dev-docs__Job-Allow-Failure__layout_link_check,Job-Allow-Failure,,TRUE
airc-ntu__ayame__Versioning__jp-go-aist-ayame-ayame-context-console-0-1-SNAPSHOT__jp-go-aist-ayame-ayame-context-common__missing,Versioning,missing,TRUE
C0DK__refcoin__Job-Allow-Failure__type_checking,Job-Allow-Failure,,TRUE
kargo-ci__kubernetes-incubator__kargo__Versioning__requirementstxt__jinja2__any-upper-version,Versioning,any-upper-version,TRUE
gf-bl__python-geolink-formatter__Job-Allow-Failure__codequality,Job-Allow-Failure,,TRUE
kermit-js__kermit__Job-Allow-Failure__publish-coveralls,Job-Allow-Failure,,TRUE
occam-archive__occam__Versioning__requirementstxt__psycopg2__missing,Versioning,missing,TRUE
tomecki__winietki__Versioning__requirementstxt__progressbar2__missing,Versioning,missing,TRUE
mike-koch__Mods-for-HESK__Manual-Job__package,Manual-Job,,TRUE
noppo__gevent-websocket__Versioning__requirementstxt__greenlet__missing,Versioning,missing,TRUE
toby3d__telegraph__Job-Allow-Failure__lint_code,Job-Allow-Failure,,TRUE
freedesktop-sdk__freedesktop-sdk__Job-Allow-Failure__publish_powerpc64le,Job-Allow-Failure,,TRUE
ismail-s__JTime__Job-Allow-Failure__android-unittest,Job-Allow-Failure,,TRUE
crondaemon__wireshark__Job-Retry__gcc-7,Job-Retry,,TRUE
samsartor__dynpool__Job-Allow-Failure__tests-semver,Job-Allow-Failure,,TRUE
mobicoop__mobicoop__Manual-Job__pages,Manual-Job,,FALSE
BurkHufnagel__learningloop__Job-Allow-Failure__sonarqube-scan,Job-Allow-Failure,,TRUE
Manza13__Jueves__Versioning__requirementstxt__win10toast__missing,Versioning,missing,TRUE
Verner__django-assets-livereload__Versioning__requirementstxt__Django__any-upper-version,Versioning,any-upper-version,TRUE
AnDroidEL__requestcep__Versioning__requirementstxt__requests__missing,Versioning,missing,TRUE
Salamek__version__Versioning__requirementstxt__pyyaml__missing,Versioning,missing,TRUE
ajostergaard__saleor__Versioning__requirementstxt____missing,Versioning,missing,FALSE
adin__journal-list__Versioning__requirementstxt__ruamel-yaml__any-upper-version,Versioning,any-upper-version,TRUE
metaperl__surgetrader__Versioning__requirementstxt__pyrogram__any-upper-version,Versioning,any-upper-version,TRUE
larsfp__rutercli__Versioning__requirementstxt__tabulate__missing,Versioning,missing,TRUE
koyagami__libneko__Versioning__requirementstxt__requests__missing,Versioning,missing,TRUE
sedrubal__gitlabcicli__Versioning__requirementstxt__termcolor__missing,Versioning,missing,TRUE
perobertson__scripts__Manual-Job__fedora_26,Manual-Job,,TRUE
MggMuggins__aurum__Job-Allow-Failure__build-cargo-stable,Job-Allow-Failure,,TRUE
superchain__superchainpy__Versioning__requirementstxt__pyyaml__missing,Versioning,missing,TRUE
afourmy__eNMS__Versioning__requirementstxt__slackclient__only-major-number,Versioning,only-major-number,TRUE
sshoney__sshoney__Versioning__requirementstxt__csirtgsdk__any-upper-version,Versioning,any-upper-version,TRUE
notpushkin__poormansbot__Versioning__requirementstxt__gunicorn__missing,Versioning,missing,TRUE
Harmon758__Harmonbot__Versioning__requirementstxt__git-git---github-com-Harmon758-Py3kAiml-git__missing,Versioning,missing,TRUE
NTPsec__ntpsec__Job-Retry__ubuntu-rolling-refclocks,Job-Retry,,TRUE
noosfero__noosfero__Job-Retry__controllers,Job-Retry,,TRUE
decko__epracas-backend__Versioning__requirementstxt__pendulum__any-upper-version,Versioning,any-upper-version,TRUE
Philbrick__rilcontour__Versioning__requirementstxt__zlib__missing,Versioning,missing,TRUE
CodeBabel__hello-world__Versioning__requirementstxt__flask__missing,Versioning,missing,TRUE
shashankchakelam__NamoDB__Versioning__gitlabyaml__virtualenv__missing,Versioning,missing,FALSE
sagemath__sage__Job-Retry__build-from-clean,Job-Retry,,TRUE
andrebsguedes__das-caffe-images__Versioning__requirementstxt__python-dateutil__only-major-number,Versioning,only-major-number,TRUE
coala__coala-bear-management__Versioning__requirementstxt__coala_utils__any-upper-version,Versioning,any-upper-version,TRUE
puzzlement__spam-all-the-links__Versioning__requirementstxt__twitter__missing,Versioning,missing,TRUE
publicmarket__public-market-storefront__Job-Retry__rspec,Job-Retry,,TRUE
mvgames__ataque_zombie__Manual-Job__bin_linux_en,Manual-Job,,TRUE
ModernisingMedicalMicrobiology__CRuMPIT__Versioning__requirementstxt__numpy__missing,Versioning,missing,TRUE
OwlGamingCommunity__docs__Versioning__requirementstxt__Sphinx__any-upper-version,Versioning,any-upper-version,FALSE
albina-euregio__albina-server__Versioning__eu-albina-albina-0-0-1-SNAPSHOT__org-glassfish-jersey-containers-jersey-container-servlet__missing,Versioning,missing,TRUE
tezos__tezos__Job-Retry__unit-storage,Job-Retry,,TRUE
Philbrick__rilcontour__Versioning__requirementstxt__appdirs__any-upper-version,Versioning,any-upper-version,TRUE
qwasli__component-help__Versioning__ch-meemin-component-help-demo-1-2__com-vaadin-vaadin-client-compiler__missing,Versioning,missing,TRUE
Make-Munich__SaBoT__Versioning__requirementstxt__django-recaptcha__any-upper-version,Versioning,any-upper-version,TRUE
offa__docker-images-ci__Job-Retry__stm32-eth_gcc-8,Job-Retry,,TRUE
mgoral__twweb__Job-Allow-Failure__pages,Job-Allow-Failure,,TRUE
dogtagpki__pki__Versioning__org-dogtagpki-pki-10-7-SNAPSHOT__com-fasterxml-jackson-core-jackson-databind__any-upper-version,Versioning,any-upper-version,TRUE
dansiviter__cito__Versioning__io-cito-root-0-1-0-SNAPSHOT__javax-jms-javax-jms-api__missing,Versioning,missing,TRUE
o9000__google-code-to-gitlab__Versioning__requirementstxt__six__missing,Versioning,missing,TRUE
xhang__gitlab__Job-Allow-Failure__ee_compat_check,Job-Allow-Failure,,TRUE
tikiwiki__tiki__Job-Allow-Failure__composer-lock,Job-Allow-Failure,,TRUE
EltraEden__APRS__Versioning__gitlabyaml__docker__missing,Versioning,missing,TRUE
ribamar-org__ribamar__Job-Allow-Failure__code_quality,Job-Allow-Failure,,TRUE
bachtungvantung__gitlab-ce__Job-Retry__rspec-mysql-10-30,Job-Retry,,TRUE
sofreeus__aghi2gitlab__Manual-Job__qa,Manual-Job,,TRUE
bhattsameer__Pyblock__Versioning__requirementstxt__huepy__missing,Versioning,missing,TRUE
guyzmo__git-repo__Versioning__requirementstxt__python-gitlab__any-upper-version,Versioning,any-upper-version,TRUE
morimekta__idltool__Versioning__net-morimekta-idltool-idltool-3-3-SNAPSHOT__net-morimekta-utils-testing-util__missing,Versioning,missing,TRUE
bachtungvantung__gitlab-ce__Manual-Job__package-and-qa,Manual-Job,,TRUE
fgoudreault__buzzword_beamer_generator__Versioning__requirementstxt__matplotlib__missing,Versioning,missing,TRUE
linagora__petals-cockpit__Job-Allow-Failure__pages,Job-Allow-Failure,,TRUE
elitist_neckbeard__tagfs__Versioning__requirementstxt__fusepy__missing,Versioning,missing,TRUE
hackoon__tootstream__Versioning__requirementstxt__colored__any-upper-version,Versioning,any-upper-version,TRUE
mraxel__m-cubed-live__Job-Allow-Failure__container_scanning,Job-Allow-Failure,,TRUE
mads__Mads-jl__Job-Allow-Failure__test-0-5-0-dev,Job-Allow-Failure,,TRUE
Baasie__continuous-delivery-faas__Job-Allow-Failure__Automated-Acceptance-Test-TF,Job-Allow-Failure,,TRUE
Flockademic__Flockademic__Job-Allow-Failure__license_management,Job-Allow-Failure,,TRUE
devops-df__2017-brasilia-devopsdays-com-br__Job-Allow-Failure__test-contentbuild--FD,Job-Allow-Failure,,TRUE
simulant__simulant__Job-Allow-Failure__test-windows-x64-mingw,Job-Allow-Failure,,TRUE
perobertson__scripts__Job-Allow-Failure__fedora_31,Job-Allow-Failure,,TRUE
redsharpbyte__fets__Versioning__requirementstxt__joblib__missing,Versioning,missing,FALSE
KageKirin__git-lab-py__Versioning__requirementstxt__giturlparse__missing,Versioning,missing,TRUE
equake__aws-spot-fleet-helper__Versioning__requirementstxt__botocore__any-upper-version,Versioning,any-upper-version,TRUE
Flockademic__plaudit__Manual-Job__stop_terraform,Manual-Job,,TRUE
abiproject__abisuite__Versioning__requirementstxt__tqdm__missing,Versioning,missing,TRUE
fdroid__repomaker__Versioning__requirementstxt__qrcode__missing,Versioning,missing,TRUE
mikulaspoul__fibaro_power_reader__Versioning__requirementstxt__blinker__missing,Versioning,missing,TRUE
Sumaid__supermario__Versioning__requirementstxt____missing,Versioning,missing,TRUE
dslackw__USBdev__Versioning__requirementstxt____missing,Versioning,missing,TRUE
blenderone__public__materialx-blender__Versioning__requirementstxt__requests__missing,Versioning,missing,TRUE
lee-pai-long__boom__Versioning__requirementstxt__requests__any-upper-version,Versioning,any-upper-version,TRUE
mario-kart-analyzer__datacollector__Versioning__requirementstxt__sklearn__missing,Versioning,missing,TRUE
personal-server-community__pschecker__Versioning__requirementstxt____missing,Versioning,missing,FALSE
crondaemon__wireshark__Job-Retry__clang-7,Job-Retry,,TRUE
clearglass__clearglass-community__Job-Allow-Failure__undeploy-review,Job-Allow-Failure,,TRUE
kkopper__oraclejdk-gradle__Job-Allow-Failure__container_scanning,Job-Allow-Failure,,TRUE
pixstem__pixstem__Job-Allow-Failure__pydocstyle_checks,Job-Allow-Failure,,TRUE
haggl__dotmgr__Versioning__requirementstxt__gitpython__missing,Versioning,missing,TRUE
trakt__script-trakt__Versioning__gitlabyaml__python__missing,Versioning,missing,FALSE
fast_pixelated_detectors__merlin_interface__Job-Allow-Failure__style_checks,Job-Allow-Failure,,TRUE
attakei__yagura__Versioning__requirementstxt__django-registration__any-upper-version,Versioning,any-upper-version,TRUE
pika-lab__lpaas__lpaas-ws__Versioning__it-unibo-alice-lpaas-ws-0-2__javax-javaee-api__any-upper-version,Versioning,any-upper-version,TRUE
classtag__recsys__Job-Allow-Failure__sonar-analyze,Job-Allow-Failure,,TRUE
xivo-solutions__xivo-ctid__Versioning__requirementstxt__git-https---gitlab-com-xivo-solutions-xivo-agentd-client-git-xivo-16-08__missing,Versioning,missing,TRUE
fdroid__fdroid-website__Job-Allow-Failure__spellcheck,Job-Allow-Failure,,TRUE
FraME-projects__PyFraME__Versioning__requirementstxt__numba__missing,Versioning,missing,FALSE
gnukhata__gkcore__Versioning__requirementstxt__natsort__missing,Versioning,missing,TRUE
SavoyRoad__savoybot__Versioning__requirementstxt__discord-py__missing,Versioning,missing,TRUE
deejcunningham__skill-score__Versioning__requirementstxt__mlbgame__missing,Versioning,missing,TRUE
pavel-krupala__pyqt-node-editor-tutorials__Versioning__requirementstxt__PyQt5__any-upper-version,Versioning,any-upper-version,TRUE
shingonoide__php__Job-Allow-Failure__test-php7-mysql,Job-Allow-Failure,,TRUE
steamdriven80__essie-backend__Versioning__requirementstxt__flask-cors__missing,Versioning,missing,TRUE
mailman__postorius__Job-Allow-Failure__django-latest,Job-Allow-Failure,,TRUE
attakei__yagura__Versioning__requirementstxt__django-crontab__missing,Versioning,missing,TRUE
occam-archive__occam__Versioning__requirementstxt__python-sql__any-upper-version,Versioning,any-upper-version,TRUE
Kampi__TychusFindlay__Versioning__requirementstxt__git-https---github-com-Dentosal-python-sc2__missing,Versioning,missing,TRUE
fudaa__fudaa-prepro__Job-Allow-Failure__generate_sonar_report,Job-Allow-Failure,,TRUE
deckar01__ctf-api__Versioning__gitlabyaml__virtualenv__missing,Versioning,missing,FALSE
elad-noor__equilibrator-cache__Versioning__gitlabyaml__wheel__missing,Versioning,missing,FALSE
kargo-ci__kubernetes-incubator__kargo__Manual-Job__tox-inventory-builder,Manual-Job,,TRUE
OpenMW__openmw__Job-Allow-Failure__MacOS,Job-Allow-Failure,,TRUE
brenddongontijo__SMI-UnB__Versioning__requirementstxt__numpy__missing,Versioning,missing,TRUE
atomfrede__jhipster-ci-example-maven__Job-Allow-Failure__gatling-test,Job-Allow-Failure,,TRUE
mondwan__py-use_mock__Versioning__requirementstxt__-__missing,Versioning,missing,FALSE
tifredfr__debserver__Job-Allow-Failure__debian-testing,Job-Allow-Failure,,TRUE
deposer__deposer__Versioning__requirementstxt__Flask__missing,Versioning,missing,TRUE
aegir__aegir__Job-Allow-Failure__pages,Job-Allow-Failure,,TRUE
geoadmin-opensource__django-file-context__Versioning__requirementstxt__django-common-models__any-upper-version,Versioning,any-upper-version,TRUE
mbajur__prismo__Job-Allow-Failure__code_quality,Job-Allow-Failure,,TRUE
strategic-zone__server_ledsAPA102__Versioning__requirementstxt__numpy__missing,Versioning,missing,TRUE
jdesodt__seneca-entity-crud__Job-Allow-Failure__code_quality,Job-Allow-Failure,,TRUE
rldotai__cspy3__Versioning__requirementstxt__sphinx__missing,Versioning,missing,FALSE
cfreksen__llvm--emulator__Versioning__requirementstxt____missing,Versioning,missing,TRUE
gioxa__odagrun__odagrun__Job-Allow-Failure__reviewb-image,Job-Allow-Failure,,TRUE
chaica__feed2tweet__Versioning__requirementstxt__tweepy__any-upper-version,Versioning,any-upper-version,TRUE
Simpom__tare__Versioning__gitlabyaml__--PIP_PACKAGES-__missing,Versioning,missing,FALSE
kayiwa__dnflow__Versioning__requirementstxt__luigi__missing,Versioning,missing,FALSE
FraME-projects__PyFraME__Job-Allow-Failure__codecov,Job-Allow-Failure,,TRUE
engel__bowhead__Versioning__requirementstxt__scikit-image__missing,Versioning,missing,TRUE
SilentTeaCup__congo__Job-Allow-Failure__lint-dupl,Job-Allow-Failure,,TRUE
Panamo__ModularTwitterBot__Versioning__de-panamo-modulartwitterbot-1-0-SNAPSHOT__org-twitter4j-twitter4j-core__any-upper-version,Versioning,any-upper-version,TRUE
mygnu__spark_post__Job-Allow-Failure__rust-nightly,Job-Allow-Failure,,TRUE
gbenson__i8c__Versioning__requirementstxt__arpy__missing,Versioning,missing,TRUE
rmoe__c2log__Versioning__gitlabyaml__sphinx__missing,Versioning,missing,FALSE
neachdainn__nng-rs__Job-Allow-Failure__nightly,Job-Allow-Failure,,TRUE
bitseater__meteo__Job-Allow-Failure__package-snap,Job-Allow-Failure,,TRUE
flectra-hq__pylint-flectra__Versioning__requirementstxt__lxml__any-upper-version,Versioning,any-upper-version,TRUE
StevenBlack__hosts__Versioning__requirementstxt__lxml__any-upper-version,Versioning,any-upper-version,TRUE
jenx__bacon__Versioning__requirementstxt__PySide2__missing,Versioning,missing,TRUE
flatiron-dc__wedding_invitation__Job-Retry__s3-branch-deployment,Job-Retry,,TRUE
davfsa__casino-bot__Versioning__requirementstxt__aiofiles__missing,Versioning,missing,TRUE
gableroux__unity3d__Job-Retry__build-master-unity_2019_1_14f1,Job-Retry,,TRUE
thnee__zsm-lib__Versioning__requirementstxt____missing,Versioning,missing,FALSE
ubuntourist__paculator__Versioning__requirementstxt__ubuntu-requirements__missing,Versioning,missing,FALSE
aegir__aegir__Job-Allow-Failure__notify-irc-failure,Job-Allow-Failure,,TRUE
jryannel__qauto-admin__Versioning__requirementstxt__mkdocs__missing,Versioning,missing,FALSE
SirEdvin__sanic-oauth__Versioning__gitlabyaml__twine__missing,Versioning,missing,FALSE
doctorj__interview-questions__Versioning__requirementstxt__jsonschema__missing,Versioning,missing,TRUE
jensstein__oandbackup__Job-Allow-Failure__cargo-test-nightly,Job-Allow-Failure,,TRUE
radek-sprta__mariner__Job-Allow-Failure__test-python38,Job-Allow-Failure,,TRUE
spare-time-demos__intime2__Job-Allow-Failure__qa-test-e2e-testcafe,Job-Allow-Failure,,TRUE
jnanar__opus__Versioning__requirementstxt__PyQt5__any-upper-version,Versioning,any-upper-version,TRUE
petronetto__interactive-coding-challenges__Versioning__requirementstxt__prompt_toolkit__any-upper-version,Versioning,any-upper-version,TRUE
EclectickMediaSolutions__SignLightup__Versioning__requirementstxt__PySerial__missing,Versioning,missing,TRUE
BuildGrid__buildgrid__Versioning__requirementstxt____missing,Versioning,missing,TRUE
SITTV__sittv-gitlab-io__Job-Allow-Failure__dependency_scanning,Job-Allow-Failure,,TRUE
ultreiaio__jgit-flow__Versioning__io-ultreia-java4all-jgitflow-jgitflow-maven-plugin-__javax-inject-javax-inject__only-major-number,Versioning,only-major-number,TRUE
Radiophonix__Radiophonix__Job-Allow-Failure__deploy-review,Job-Allow-Failure,,TRUE
yefengchun__beg-hibernate-4ed__Versioning__com-redhat-osas-books-hibernate-util-__com-mchange-c3p0__any-upper-version,Versioning,any-upper-version,TRUE
mkdk__cidemon__Job-Retry__testing,Job-Retry,,TRUE
dspechnikov__django-slugger__Job-Allow-Failure__py36-djangomaster,Job-Allow-Failure,,TRUE
nuke-group__preferencesManager__Versioning__gitlabyaml__m2r__missing,Versioning,missing,TRUE
deepset-ai__open-source__word2vec-embeddings-de__Versioning__requirementstxt__numpy__missing,Versioning,missing,TRUE
Pagure__pagure__Versioning__requirementstxt__markdown__missing,Versioning,missing,TRUE
Aragami1408__drgnzsearch__Job-Allow-Failure__container_scanning,Job-Allow-Failure,,TRUE
Graphics3D__MyLittleSynth__Versioning__be-manudahmen-mylittlesynth-70__be-manudahmen-empty3__only-major-number,Versioning,only-major-number,TRUE
kamilgregorczyk__instalike__Versioning__requirementstxt__markdown__missing,Versioning,missing,TRUE
math4youbyusgroupillinois__lascaux__Versioning__requirementstxt__requests__missing,Versioning,missing,TRUE
jlecomte__gl-webhooks__Versioning__requirementstxt__xdg__missing,Versioning,missing,TRUE
xygeng__jaguar__Versioning__org-future-jaguar-features-0-1-0-SNAPSHOT__org-opendaylight-netconf-features-restconf__missing,Versioning,missing,TRUE
willhallonline__demo-project__Job-Allow-Failure__phpcs-cakephp,Job-Allow-Failure,,TRUE
european-data-portal__licensing-assistant__Versioning__de-fhg-fokus-edp-licensing-service-1-0__javax-inject-javax-inject__only-major-number,Versioning,only-major-number,TRUE
backstage-technical-services__laravel-site__Job-Allow-Failure__dependency_scanning,Job-Allow-Failure,,TRUE
blumug__celstash__Versioning__requirementstxt__python-logstash__missing,Versioning,missing,TRUE
ECOM-Mycamping__mycamping__Job-Allow-Failure__sonar-analyze,Job-Allow-Failure,,TRUE
guiriduro__pyra__Job-Allow-Failure__container_scanning,Job-Allow-Failure,,TRUE
unhangout__reunhangout__Versioning__requirementstxt__django-celery-results__missing,Versioning,missing,TRUE
artur-scholz__stretchy__Versioning__requirementstxt__flask__missing,Versioning,missing,TRUE
geoadmin-opensource__django-workflow-fsm__Versioning__requirementstxt__redis__missing,Versioning,missing,TRUE
xythrez__musct__Versioning__requirementstxt__PyYAML__any-upper-version,Versioning,any-upper-version,TRUE
yefengchun__beg-hibernate-4ed__Versioning__com-redhat-osas-books-hibernate-hibernate-parent-1-0-SNAPSHOT__org-hsqldb-hsqldb__missing,Versioning,missing,TRUE
metachris__python-boilerplate-templates__Versioning__requirementstxt__logzero__missing,Versioning,missing,TRUE
fdroid__fdroidclient__Job-Retry__connected-22-default-armeabi-v7a,Job-Retry,,TRUE
katyukha__odoo-rpc-client__Versioning__requirementstxt__simplejson__missing,Versioning,missing,TRUE
pushrocks__gulp-function__Job-Allow-Failure__codequality,Job-Allow-Failure,,TRUE
blndr__lyfe__Versioning__requirementstxt____missing,Versioning,missing,FALSE
HyphanBot__HyphanBot__Versioning__requirementstxt__python-telegram-bot__any-upper-version,Versioning,any-upper-version,TRUE
philbooth__pdfpages__Versioning__requirementstxt__PyPDF2__missing,Versioning,missing,TRUE
artemklevtsov__r-alpine__Job-Allow-Failure__shiny-server,Job-Allow-Failure,,TRUE
expliot_framework__expliot__Job-Allow-Failure__flake8,Job-Allow-Failure,,TRUE
luiztoni__geeky__Versioning__br-luiz-toni-geeky-1-0-0__io-thorntail-jsf__missing,Versioning,missing,TRUE
ahangarha__telegram-group-sanetizer-bot__Versioning__requirementstxt__python-dotenv__missing,Versioning,missing,TRUE
edelweiss-linux__backend__Versioning__requirementstxt__djangorestframework__any-upper-version,Versioning,any-upper-version,TRUE
tessia-project__tessia__Versioning__requirementstxt__git-https---gitlab-com-tessia-project-tessia-baselib-git-0-3-3-egg-tessia-baselib__missing,Versioning,missing,FALSE
nerdocs__medux__MedUX__Versioning__requirementstxt__django__missing,Versioning,missing,TRUE
freedesktop-sdk__freedesktop-sdk__Manual-Job__minimal_systemd_vm_powerpc64le,Manual-Job,,TRUE
randy408__libspng__Manual-Job__coverity,Manual-Job,,TRUE
PythonDevCommunity__pythondev-site__Versioning__requirementstxt__flask-security__missing,Versioning,missing,TRUE
ma1uta__mxtoot__Versioning__io-github-ma1uta-mxtoot-0-4-6__org-glassfish-jersey-test-framework-providers-jersey-test-framework-provider-grizzly2__missing,Versioning,missing,TRUE
cordite__cordite__Job-Allow-Failure__build-pages,Job-Allow-Failure,,TRUE
SirEdvin__docker-prometheus-exporter__Versioning__requirementstxt__prometheus_async__any-upper-version,Versioning,any-upper-version,TRUE
rubdos__cffipp__Versioning__requirementstxt__coala__any-upper-version,Versioning,any-upper-version,FALSE
abiproject__abisuite__Versioning__requirementstxt__tabulate__any-upper-version,Versioning,any-upper-version,TRUE
PhysikP-Seminar__CNC__Versioning__requirementstxt__flask__missing,Versioning,missing,TRUE
HelloZeroNet__ZeroNet__Versioning__requirementstxt__gevent__any-upper-version,Versioning,any-upper-version,TRUE
flib99__i3-workspace-names__Versioning__requirementstxt__pyxdg__missing,Versioning,missing,TRUE
bachtungvantung__gitlab-ce__Job-Retry__update-tests-metadata,Job-Retry,,TRUE
Xynnect__MLRSS__Versioning__requirementstxt____missing,Versioning,missing,TRUE
indybay__indybay-active__Manual-Job__build,Manual-Job,,TRUE
sj14__go-heroku__Job-Allow-Failure__lint,Job-Allow-Failure,,TRUE
mvgames__ataque_zombie__Manual-Job__bin_windows_en,Manual-Job,,TRUE
jmabey__docker-sqitch__Manual-Job__push,Manual-Job,,FALSE
andrebsguedes__das-caffe-images__Versioning__requirementstxt__scipy__any-upper-version,Versioning,any-upper-version,TRUE
ckhurewa__pyroot-zen__Versioning__gitlabyaml__twine__missing,Versioning,missing,FALSE
nllgg__dustpuppy__Job-Allow-Failure__markdown_lint,Job-Allow-Failure,,TRUE
rbax81__DAT__Versioning__requirementstxt__tdparser__any-upper-version,Versioning,any-upper-version,TRUE
brd-com__brd-js__Job-Allow-Failure__test,Job-Allow-Failure,,TRUE
flectra-community__devops__oca2fc__Versioning__requirementstxt__jinja2__missing,Versioning,missing,TRUE
CSUI-AdvProg-2017__lab-exercises__Job-Allow-Failure__grade_week_1_additional,Job-Allow-Failure,,TRUE
OctoNezd__autogram__Versioning__requirementstxt__bs4__missing,Versioning,missing,TRUE
JFT__BT_By_KT__Job-Allow-Failure__clang-coverage,Job-Allow-Failure,,TRUE
gwasser__django-helpdesk__Versioning__requirementstxt__django-markdown-deux__missing,Versioning,missing,TRUE
Retr0_System__LBRY__Versioning__requirementstxt__six__any-upper-version,Versioning,any-upper-version,TRUE
alantrick__django-agenda__Versioning__requirementstxt__Django__any-upper-version,Versioning,any-upper-version,TRUE
thefinn93__signald__Job-Allow-Failure__checkupdates-gradle,Job-Allow-Failure,,TRUE
gt8__open-source__elixir__eidetic-projector-elasticsearch__Job-Allow-Failure__lint,Job-Allow-Failure,,TRUE
startmat__document_analyzer__Versioning__requirementstxt____missing,Versioning,missing,FALSE
smc__mlmorph-libreoffice-spellchecker__Versioning__requirementstxt__mlmorph-spellchecker__missing,Versioning,missing,TRUE
osevg__python-flask-gunicorn__Versioning__requirementstxt__Flask__missing,Versioning,missing,TRUE
NullVoxPopuli__emberclear__Job-Allow-Failure__Application-Tests--a11y-,Job-Allow-Failure,,TRUE
martynbristow__gabbi__Job-Allow-Failure__lint_job,Job-Allow-Failure,,TRUE
bhowell__the-screenless-office__Versioning__requirementstxt__git-git---gitlab-com-bhowell-bc128-git-egg-bc128__missing,Versioning,missing,TRUE
manifiestoSL2015__web__Versioning__requirementstxt__ipdb__missing,Versioning,missing,TRUE
eyeo__websites__web-adblockplus-org__Manual-Job__tests,Manual-Job,,TRUE
simulant__simulant__Job-Allow-Failure__test-dreamcast-sh4-gcc,Job-Allow-Failure,,TRUE
bplatta__proto-api__Versioning__gitlabyaml__pep8__missing,Versioning,missing,FALSE
denkmal__denkmal-website__Job-Retry__deploy-preview,Job-Retry,,TRUE
trustable__mustard__Versioning__requirementstxt__PyYAML__missing,Versioning,missing,TRUE
SunyataZero__well-being-diary__Versioning__requirementstxt__PyQt5__missing,Versioning,missing,TRUE
magda-data__magda__Job-Retry__buildtest-opa-policies,Job-Retry,,TRUE
nihal-mirpuri__hangoutsbot__Versioning__requirementstxt____missing,Versioning,missing,TRUE
audron__YaTWi__Job-Allow-Failure__stop_review,Job-Allow-Failure,,TRUE
VoliKoN__pushfish-poc__Versioning__requirementstxt__qrcode-pil-__missing,Versioning,missing,TRUE
attakei__yagura__Job-Allow-Failure__migration-test,Job-Allow-Failure,,TRUE
aaronkho__GPR1D__Versioning__gitlabyaml__sphinx__missing,Versioning,missing,FALSE
kimlab__kmtools__Versioning__gitlabyaml__nbsphinx__missing,Versioning,missing,FALSE
tahoma-robotics__bear-simulation__Versioning__org-tahomarobotics-bear-simulation-2019-1-0-SNAPSHOT__org-openjfx-javafx-controls__only-major-number,Versioning,only-major-number,TRUE
vindarel__replic__Job-Allow-Failure__test,Job-Allow-Failure,,TRUE
seeqlabs__api-python__Versioning__gitlabyaml__twine__missing,Versioning,missing,FALSE
afourmy__eNMS__Versioning__requirementstxt__flask-restful__missing,Versioning,missing,TRUE
cathaldallan__saltypie__Versioning__requirementstxt__termcolor__missing,Versioning,missing,TRUE
bugbiteme__inventory-wildfly-swarm__Versioning__com-redhat-cloudnative-inventory-1-0-SNAPSHOT__org-wildfly-swarm-jpa__missing,Versioning,missing,TRUE
sgj__platform__Versioning__requirementstxt__https---github-com-mir06-django-ical-archive-rrule-zip__missing,Versioning,missing,TRUE
codingblocksslack__blocksbot__Versioning__requirementstxt__nltk__missing,Versioning,missing,TRUE
clearglass__clearglass-community__Job-Retry__UI-machines-1-2,Job-Retry,,TRUE
upe-consulting__TypedJSON__Job-Allow-Failure__test-node-4,Job-Allow-Failure,,TRUE
bob-mirror__bob__Versioning__requirementstxt__bob-db-biosecure__missing,Versioning,missing,TRUE
AyraHikari__EmiliaHikari__Versioning__requirementstxt__future__missing,Versioning,missing,TRUE
ae-dir__python-aedir__Versioning__requirementstxt__ldap0__missing,Versioning,missing,TRUE
fumail__fuglu__Versioning__gitlabyaml__sphinx__missing,Versioning,missing,FALSE
admicos__urlmirror__Versioning__requirementstxt__pyhocon__missing,Versioning,missing,TRUE
canarduck__flumel__Versioning__gitlabyaml__pypandoc__missing,Versioning,missing,TRUE
mraureliusr__IceCreamBot__Versioning__requirementstxt__requests__missing,Versioning,missing,TRUE
OsloMet-ABI__nikita-noark5-core__Job-Allow-Failure__code_quality,Job-Allow-Failure,,TRUE
sorsasampo__played__Versioning__requirementstxt__pyxdg__missing,Versioning,missing,TRUE
goauth__dex__Versioning__requirementstxt__gitchangelog__missing,Versioning,missing,TRUE
almarklein__bsdf__Versioning__gitlabyaml__markdown__missing,Versioning,missing,TRUE
mmccarry__compose-control__Versioning__requirementstxt__colorlog__missing,Versioning,missing,TRUE
andreas-h__emiprep__Versioning__requirementstxt__-__missing,Versioning,missing,FALSE
bor-sh__git-gitlab__Versioning__gitlabyaml__unittest2__missing,Versioning,missing,FALSE
bfa__bfa_django__Versioning__requirementstxt__django__missing,Versioning,missing,TRUE
mkourim__cfme-testcases__Versioning__requirementstxt____missing,Versioning,missing,TRUE
wireshark__wireshark__Job-Retry__gcc-8-nopcap,Job-Retry,,TRUE
veox__pygments-lexer-solidity__Versioning__requirementstxt__pygments__any-upper-version,Versioning,any-upper-version,TRUE
mauriciobaeza__cfdi-descarga__Versioning__requirementstxt__Pillow__missing,Versioning,missing,TRUE
roddhjav__pass-import__Versioning__gitlabyaml__defusedxml__missing,Versioning,missing,TRUE
PushFish__PushFish-API__Job-Allow-Failure__pylint,Job-Allow-Failure,,TRUE
glenveegee__PDBeCIF__Job-Allow-Failure__pages,Job-Allow-Failure,,TRUE
coisa__gitlab-ci-sandbox__Job-Allow-Failure__Security-Checker,Job-Allow-Failure,,TRUE
PythonDevCommunity__pythondev-site__Versioning__requirementstxt__click__any-upper-version,Versioning,any-upper-version,TRUE
expliot_framework__expliot__Versioning__gitlabyaml__twine__missing,Versioning,missing,FALSE
sanpi__effitask__Job-Allow-Failure__lint-clippy,Job-Allow-Failure,,TRUE
wrobell__remt__Versioning__requirementstxt__asyncio-contextmanager__missing,Versioning,missing,TRUE
gf-bl__python-geolink-formatter__Versioning__requirementstxt__sphinxcontrib-versioning__missing,Versioning,missing,FALSE
fintechlabs__fapi-conformance-suite__Job-Allow-Failure__stop_review,Job-Allow-Failure,,TRUE
gitlab-com__www-gitlab-com__Job-Allow-Failure__generate-handbook-changelog-rss,Job-Allow-Failure,,TRUE
derSchabi__tttrsss__Manual-Job__build,Manual-Job,,FALSE
scaphilo__koalixcrm__Versioning__requirementstxt____missing,Versioning,missing,FALSE
remram44__taguette__Versioning__gitlabyaml__psycopg2__missing,Versioning,missing,TRUE
martensoderberg__wambot__Job-Allow-Failure__check_pep-8,Job-Allow-Failure,,TRUE
Salamek__gitlab-tools__Versioning__requirementstxt__pycrypto__any-upper-version,Versioning,any-upper-version,TRUE
jacket0__python3-webservice__Versioning__requirementstxt__Django__missing,Versioning,missing,TRUE
alexdemari__pyplate__Versioning__requirementstxt____missing,Versioning,missing,FALSE
kunglab__ddnn__Versioning__requirementstxt__chainer__missing,Versioning,missing,TRUE
xylok__networkparse__Versioning__requirementstxt____missing,Versioning,missing,FALSE
experimentslabs__engine_elabs__Job-Allow-Failure__bundle-outdated,Job-Allow-Failure,,TRUE
esrifrance-public__orionpy__orionpy__Versioning__requirementstxt__urllib3__missing,Versioning,missing,TRUE
omniprof__web_project_dependencies__Versioning__com-kfwebstandard-web_project_dependencies-1-0__org-jboss-arquillian-junit-arquillian-junit-container__missing,Versioning,missing,TRUE
john-carroll-p__rschedule__Job-Allow-Failure__dependency_scanning,Job-Allow-Failure,,TRUE
fablabnapoli__EngraveCube__Versioning__requirementstxt__WTForms__any-upper-version,Versioning,any-upper-version,TRUE
artanicus__python-cozify__Versioning__requirementstxt__requests__missing,Versioning,missing,TRUE
fdroid__repomaker__Versioning__requirementstxt__six__any-upper-version,Versioning,any-upper-version,TRUE
empurrandojuntos__pushtogether-math__Versioning__requirementstxt____missing,Versioning,missing,FALSE
Plasticity__magnitude__Versioning__requirementstxt__xxhash__any-upper-version,Versioning,any-upper-version,TRUE
SoHigh__Nergigante__Job-Allow-Failure__container_scanning,Job-Allow-Failure,,TRUE
flaxandteal__commandment__Versioning__requirementstxt__mock__missing,Versioning,missing,TRUE
Wazzaps__spark-kit-pythonbase__Versioning__requirementstxt__pyserial__missing,Versioning,missing,TRUE
freshcode-public__i-video-editor__Job-Allow-Failure__rancher-upgrade,Job-Allow-Failure,,TRUE
utf-crawler__utf-crawler__Job-Allow-Failure__rust-nightly,Job-Allow-Failure,,TRUE
SchoolOrchestration__libs__microservicetool__Versioning__requirementstxt__requests__missing,Versioning,missing,TRUE
laurih__matid__Versioning__requirementstxt__spglib__any-upper-version,Versioning,any-upper-version,TRUE
resume__resume-gitlab-io__Job-Allow-Failure__deploy-production,Job-Allow-Failure,,TRUE
Freso__spotify2musicbrainz__Versioning__requirementstxt__setuptools_scm__missing,Versioning,missing,FALSE
harkwell__recipes__Versioning__recipes-recipes-0-1-1__io-dropwizard-dropwizard-core__missing,Versioning,missing,TRUE
vindarel__syp__Versioning__requirementstxt____missing,Versioning,missing,FALSE
iron-oxide__cogwheel__Job-Allow-Failure__nightly-cargo,Job-Allow-Failure,,TRUE
codingrights__radarlegislativo__Versioning__requirementstxt__python-decouple__missing,Versioning,missing,TRUE
Radiophonix__Radiophonix__Job-Allow-Failure__pages,Job-Allow-Failure,,TRUE
libnice__libnice__Job-Allow-Failure__test-autotools-valgrind,Job-Allow-Failure,,TRUE
LineageOS__infra__updater__Job-Allow-Failure__dependency_scanning,Job-Allow-Failure,,TRUE
gitlab-org__gitlab-qa__Job-Allow-Failure__ce-update-quarantine,Job-Allow-Failure,,TRUE
hb9fxx__qrsspig__Job-Allow-Failure__unittests-valgrind,Job-Allow-Failure,,TRUE
aapjeisbaas__coin-trail__Versioning__requirementstxt__git-https---github-com-bartosh-backtrader-git-ccxt__missing,Versioning,missing,TRUE
wireshark__wireshark__Job-Retry__clang-5,Job-Retry,,TRUE
NifTK__NiftyNet__Versioning__gitlabyaml__bundle__missing,Versioning,missing,FALSE
ydkn__redmine_airbrake_backend__Job-Allow-Failure__dependency_scanning,Job-Allow-Failure,,TRUE
dpizetta__mrsprint__Job-Allow-Failure__stop_review,Job-Allow-Failure,,TRUE
synterest__Nextotel__Versioning__requirementstxt__selenium__missing,Versioning,missing,TRUE
psono__psono-server__Versioning__requirementstxt__pycryptodomex__missing,Versioning,missing,TRUE
oleksandromelchuk__rust-osm-reader__Job-Allow-Failure__rust-nightly,Job-Allow-Failure,,TRUE
gbraad__gitlab-client__Versioning__requirementstxt__pyapi-gitlab__missing,Versioning,missing,TRUE
Bernt__MITOS__Versioning__requirementstxt__-__missing,Versioning,missing,FALSE
frozenfoxx__gym-schemaverse__Versioning__requirementstxt__pyyaml__any-upper-version,Versioning,any-upper-version,TRUE
fanshenium__site-template-django__Versioning__requirementstxt__Django-1-11-3__missing,Versioning,missing,TRUE
painless-software__painless-continuous-delivery__Job-Allow-Failure__bandit,Job-Allow-Failure,,TRUE
n303p4__kitsuchan__Versioning__requirementstxt____missing,Versioning,missing,TRUE
datadrivendiscovery__sklearn-wrap__Versioning__requirementstxt____missing,Versioning,missing,TRUE
gnss-sdr__gnss-sdr__Manual-Job__position-L5-static,Manual-Job,,TRUE
opentracing-workshop__spring-petclinic-kubernetes__Job-Allow-Failure__deploy-services,Job-Allow-Failure,,TRUE
WillDaSilva__smug__Versioning__requirementstxt__pyyaml__missing,Versioning,missing,TRUE
ire4ever1190__app4flask__Versioning__requirementstxt__mechanicalsoup__missing,Versioning,missing,TRUE
OpenMW__openmw__Job-Allow-Failure__Windows,Job-Allow-Failure,,TRUE
leggettc18__fundwarrior__Job-Allow-Failure__rust-nightly,Job-Allow-Failure,,TRUE
dzamlo__gitlab-ci-rust-test__Manual-Job__test-prerelase,Manual-Job,,FALSE
chukwuemeka__zappa__Versioning__requirementstxt__requests__any-upper-version,Versioning,any-upper-version,TRUE
vladgo__build-nginx__Manual-Job__centos7,Manual-Job,,FALSE
lansharkconsulting__sysadmin__py-mysql2pgsql__Versioning__requirementstxt__argparse__missing,Versioning,missing,TRUE
johnjawed__ror__Job-Allow-Failure__performance,Job-Allow-Failure,,TRUE
wondermonger__koa-session-mongoose__Job-Allow-Failure__outdated,Job-Allow-Failure,,TRUE
Lucidiot__python-usda__Versioning__gitlabyaml__twine__missing,Versioning,missing,FALSE
NERSC__nersc-gitlab-io__Job-Allow-Failure__filesize,Job-Allow-Failure,,TRUE
estsauver__pyFirmata__Versioning__requirementstxt__pyserial__missing,Versioning,missing,TRUE
gableroux__unity3d__Job-Retry__build-unity_2019_1_14f1-facebook,Job-Retry,,TRUE
wpdesk__wp-basic-requirements__Job-Allow-Failure__churn-metrics,Job-Allow-Failure,,TRUE
demo-clusters__i2p-online__Manual-Job__delete-cluster,Manual-Job,,FALSE
unhangout__reunhangout__Versioning__requirementstxt__selenium__only-major-number,Versioning,only-major-number,TRUE
meelisreha__Vali-It-projekt__Versioning__com-example-vali-it-webapp-1-0-SNAPSHOT__org-glassfish-jersey-ext-jersey-mvc-freemarker__missing,Versioning,missing,TRUE
Oxylibrium__Nest__Versioning__requirementstxt__nsfw_dl__missing,Versioning,missing,TRUE
inkscape__inkscape-web__Versioning__requirementstxt__django-extratest__any-upper-version,Versioning,any-upper-version,TRUE
sehnem__pynmet__Versioning__gitlabyaml__sqlalchemy__missing,Versioning,missing,TRUE
sscherfke__async-channel__Versioning__requirementstxt__async-generator__missing,Versioning,missing,TRUE
mikefromit__sir-bot-a-lot__Versioning__requirementstxt____missing,Versioning,missing,FALSE
Tmpod__cyborgtoast__Versioning__requirementstxt__motor__missing,Versioning,missing,TRUE
chicken231__eat-a-py__Versioning__requirementstxt____missing,Versioning,missing,TRUE
aaxsh__simple-amazon-scraper__Versioning__requirementstxt__lxml__missing,Versioning,missing,TRUE
laurih__matid__Versioning__requirementstxt__ase__missing,Versioning,missing,TRUE
MTIpython__MTIpython__Versioning__gitlabyaml__www-coolprop-dreamhosters-com__missing,Versioning,missing,TRUE
JuliaGPU__CUDAapi-jl__Job-Allow-Failure__coverage,Job-Allow-Failure,,TRUE
pages__frozen-flask__Versioning__requirementstxt__frozen-flask__missing,Versioning,missing,TRUE
romainhk__plan10__Versioning__requirementstxt__Flask__missing,Versioning,missing,TRUE
atomix-io__atomix__Versioning__io-atomix-atomix-cluster-__io-netty-netty-handler__missing,Versioning,missing,TRUE
nwmitchell__zendesk-downloader__Versioning__requirementstxt__unidecode__missing,Versioning,missing,TRUE
failmap__admin__Versioning__requirementstxt__django-jet__missing,Versioning,missing,TRUE
dropwizard__dropwizard__Versioning__io-dropwizard-dropwizard-auth-__io-dropwizard-dropwizard-core__missing,Versioning,missing,TRUE
kbGit__kbde__Versioning__requirementstxt____missing,Versioning,missing,FALSE
vuedoc__md__Job-Allow-Failure__npm-outdated,Job-Allow-Failure,,TRUE
NTPsec__ntpsec__Job-Retry__ubuntu-devel-refclocks,Job-Retry,,TRUE
r2p2__stopwatch__Job-Allow-Failure__code_quality,Job-Allow-Failure,,TRUE
rldotai__cspy3__Versioning__requirementstxt__wheel__any-upper-version,Versioning,any-upper-version,FALSE
magda-data__magda__Job-Retry__dockerize-connectors,Job-Retry,,TRUE
IonicZoo__pigeon-restful-provider__Job-Retry__publish,Job-Retry,,TRUE
oly-exams__exam_tools__Versioning__requirementstxt__CairoSVG__any-minor-number,Versioning,any-minor-number,TRUE
wrobell__remt__Versioning__requirementstxt__pycairo__missing,Versioning,missing,TRUE
SpeciesFileGroup__taxonworks__Job-Allow-Failure__dependency_scanning,Job-Allow-Failure,,TRUE
MUSIT-Norway__musit-frontend__Manual-Job__build,Manual-Job,,TRUE
tongyang__okhttp__Versioning__com-squareup-okhttp-sample-simple-client-__com-google-code-gson-gson__missing,Versioning,missing,TRUE
coq__coq__Job-Allow-Failure__build-quick,Job-Allow-Failure,,TRUE
e0__koalixcrm__Versioning__requirementstxt__Mezzanine__any-upper-version,Versioning,any-upper-version,TRUE
je-cspantoja__whats_app_chat_api-python__Versioning__requirementstxt__requests__missing,Versioning,missing,TRUE
cyphar__kepler-utils__Versioning__requirementstxt__astropy__any-upper-version,Versioning,any-upper-version,TRUE
skickar__SHA1cracker__Versioning__requirementstxt__hashlib__any-upper-version,Versioning,any-upper-version,TRUE
vindarel__abelujo-website__Versioning__requirementstxt__lektor__only-major-number,Versioning,only-major-number,TRUE
danielhones__pycategories__Job-Allow-Failure__lint,Job-Allow-Failure,,TRUE
joseph-choufani__blog-builder__Versioning__requirementstxt__pyyaml__missing,Versioning,missing,TRUE
katyukha__odoo-rpc-client__Versioning__requirementstxt__six__any-upper-version,Versioning,any-upper-version,TRUE
flipcoder__bomberoni__Versioning__requirementstxt__euclid__missing,Versioning,missing,TRUE
Megver83__hypersocial__Versioning__requirementstxt__argparse__any-upper-version,Versioning,any-upper-version,TRUE
superchain__superchainpy__Job-Allow-Failure__python36,Job-Allow-Failure,,TRUE
recalbox__recalbox-configgen__Versioning__gitlabyaml__pygame__missing,Versioning,missing,TRUE
gnowledge__gstudio__Versioning__requirementstxt__recommonmark__missing,Versioning,missing,TRUE
biotransistor__zerogravity__Versioning__requirementstxt__requests__missing,Versioning,missing,TRUE
susurrus__fat-rs__Job-Allow-Failure__sparc64-unknown-linux-gnu,Job-Allow-Failure,,TRUE
NTPsec__ntpsec__Job-Allow-Failure__openSUSE-tumbleweed-refclocks,Job-Allow-Failure,,TRUE
riccardoferrari__SnakePy__Versioning__requirementstxt__pygame__missing,Versioning,missing,TRUE
gdevops__tuto_devops__Versioning__requirementstxt____missing,Versioning,missing,FALSE
mxklb__cuteproject__Job-Allow-Failure__debug_tests_devel,Job-Allow-Failure,,TRUE
SporeDB__sporedb__Job-Retry__unit-tests,Job-Retry,,TRUE
Jarbay__Electra__Versioning__requirementstxt__PyQt5__missing,Versioning,missing,TRUE
erkkikeranen__rest-api-with-junit-and-arquillian__Versioning__erkkikeranen-restapiexample-1-0-0-SNAPSHOT__org-jboss-arquillian-protocol-arquillian-protocol-servlet__missing,Versioning,missing,TRUE
demo-clusters__i2p-online__Manual-Job__helm-delete,Manual-Job,,FALSE
illwill__skiptracer__Versioning__requirementstxt__tqdm__missing,Versioning,missing,TRUE
simp__simp-core__Job-Retry__forge_install_el7-puppet5,Job-Retry,,TRUE
dspechnikov__django-slugger__Versioning__gitlabyaml__wheel__missing,Versioning,missing,FALSE
arcfire__rumba__Versioning__gitlabyaml__sphinx_rtd_theme__missing,Versioning,missing,TRUE
recalbox__recalbox__Job-Allow-Failure__lint-commits,Job-Allow-Failure,,TRUE
sapsan14__Vali-IT-feedback__Versioning__com-example-vali-it-webapp-1-0-SNAPSHOT__org-glassfish-jersey-ext-jersey-mvc-freemarker__missing,Versioning,missing,TRUE
l-w-jasons__SWProxy__Versioning__requirementstxt__dpkt__missing,Versioning,missing,TRUE
toys-projects__lazy-url-shorter__Versioning__requirementstxt__requests__missing,Versioning,missing,TRUE
kivymd__KivyMD__Versioning__gitlabyaml__appdirs__missing,Versioning,missing,TRUE
vali-it-201804__webdemos__Versioning__com-example-vali-it-webapp-1-0-SNAPSHOT__org-glassfish-jersey-containers-jersey-container-servlet-core__missing,Versioning,missing,TRUE
Orange-OpenSource__lfn__onap__onap_oom_automatic_installation__Job-Allow-Failure__wait_for_end_of_install_medium,Job-Allow-Failure,,TRUE
open-sourceress__violet__Versioning__requirementstxt__click__any-upper-version,Versioning,any-upper-version,TRUE
toastengineer__INJECTION__Versioning__requirementstxt__dill__missing,Versioning,missing,TRUE
psono__psono-server__Versioning__requirementstxt__six__missing,Versioning,missing,TRUE
blendergeek__apps__Job-Allow-Failure__connected-28-default-x86_64,Job-Allow-Failure,,TRUE
IPMsim__Virtual-IPM__Versioning__requirementstxt__numpy__any-upper-version,Versioning,any-upper-version,TRUE
gnowledge__gstudio__Versioning__requirementstxt__ox__any-upper-version,Versioning,any-upper-version,TRUE
containos__containos__Job-Allow-Failure__qemux86_build,Job-Allow-Failure,,TRUE
noosfero__noosfero__Job-Allow-Failure__code_quality,Job-Allow-Failure,,TRUE
hgg__webpymail__Versioning__requirementstxt__git-https---github-com-mozilla-bleach-git__missing,Versioning,missing,TRUE
sshoney__sshoney__Versioning__requirementstxt__python-dateutil__missing,Versioning,missing,TRUE
pdftools__python-ghostscript__Versioning__requirementstxt__wheel__missing,Versioning,missing,FALSE
sethbergman__node-express-demo__Job-Allow-Failure__dependency_scanning,Job-Allow-Failure,,TRUE
angreal__angreal__Job-Allow-Failure__init_presentation,Job-Allow-Failure,,TRUE
bhargav461995__BSNL-usage__Versioning__requirementstxt__pywin32__only-major-number,Versioning,only-major-number,TRUE
sdnlab__jaguar__Versioning__com-sdnlab-jaguar-features-0-1-1-SNAPSHOT__org-opendaylight-yangtools-features-yangtools__missing,Versioning,missing,TRUE
Songoda__EpicHoppers__Versioning__com-songoda-EpicHoppers-maven-version-number__com-songoda-songodaupdater__only-major-number,Versioning,only-major-number,TRUE
webprogrammingUniTN__webproject__Versioning__com-soapandtherest-shoppinglist-shoppinglist-data-__com-amazonaws-aws-java-sdk-s3__missing,Versioning,missing,TRUE
sigmavirus24__github3-py__Versioning__requirementstxt__requests__missing,Versioning,missing,TRUE
abre__lorikeet__Versioning__gitlabyaml__poetry__missing,Versioning,missing,FALSE
kwant__kwant__Job-Allow-Failure__check-for-dependencies-installed,Job-Allow-Failure,,TRUE
inkscape__inkscape__Job-Allow-Failure__inkscape-mac,Job-Allow-Failure,,TRUE
dalibo__postgresql_anonymizer__Job-Allow-Failure__make9-4,Job-Allow-Failure,,TRUE
anatoli__InstaPy__Versioning__requirementstxt__future__any-upper-version,Versioning,any-upper-version,TRUE
postmarketOS__build-postmarketos-org__Manual-Job__test-phpcs,Manual-Job,,TRUE
3MI__SoftwareDesignProject__Versioning__requirementstxt__systemd-python__only-major-number,Versioning,only-major-number,TRUE
cfmm__dcmrcvr__Versioning__requirementstxt__git-https---github-com-pydicom-pynetdicom3-289b082b56794ef80a15ee4fb99f66540f200782__missing,Versioning,missing,FALSE
mrc_es__gae_gen__Versioning__requirementstxt__astunparse__missing,Versioning,missing,TRUE
TortueMat__simple_lib__Versioning__gitlabyaml__--__missing,Versioning,missing,FALSE
slndrmn__pyfm__Versioning__requirementstxt__spotipy__missing,Versioning,missing,TRUE
n0mjs710__DMRlink__Versioning__requirementstxt__Twisted__any-upper-version,Versioning,any-upper-version,TRUE
gitlab-org__gitlab-omnibus-builder__Job-Retry__opensuse_42-3,Job-Retry,,TRUE
fluidattacks__asserts__Job-Retry__test,Job-Retry,,TRUE
systemsengineers__se01-ansible-testing__Versioning__requirementstxt__deepmerge__any-upper-version,Versioning,any-upper-version,TRUE
pipeline-patterns__django-cloudfoundry__Manual-Job__trigger,Manual-Job,,TRUE
anited__publish__Versioning__requirementstxt__Markdown__any-upper-version,Versioning,any-upper-version,TRUE
MateuszZ3__hajs__Versioning__requirementstxt__Jinja2__missing,Versioning,missing,TRUE
baserock__ybd__Versioning__requirementstxt__requests__missing,Versioning,missing,TRUE
viluon__Desktox__Job-Allow-Failure__lint,Job-Allow-Failure,,TRUE
allthethings__allthethings-gitlab-io__Job-Allow-Failure__dependency_scanning,Job-Allow-Failure,,TRUE
hadrien__aws_lambda_logging__Versioning__gitlabyaml__twine__missing,Versioning,missing,FALSE
lo_extensions__l10n-utility__Versioning__requirementstxt__itstool__missing,Versioning,missing,TRUE
asish11__ABCSocialNetwork__Versioning__ABC-api-0-0-1-SNAPSHOT__org-glassfish-jersey-media-jersey-media-json-binding__missing,Versioning,missing,TRUE
Plasticity__magnitude__Versioning__gitlabyaml__for__missing,Versioning,missing,FALSE
wpdesk__wp-settings__Job-Retry__deploy-to-shop,Job-Retry,,TRUE
MarkEWaite__git-client-plugin__Versioning__org-jenkins-ci-plugins-git-client---revision---changelist-__junit-junit__missing,Versioning,missing,FALSE
rbertoncelj__wildfly-singleton-service__Versioning__com-bertoncelj-wildflysingletonservice-wildfly-singleton-service-1-2-2-SNAPSHOT__javax-enterprise-cdi-api__missing,Versioning,missing,TRUE
generik__consul-watchdog__Versioning__requirementstxt__requests__missing,Versioning,missing,TRUE
ada-chem__ada_core__Versioning__requirementstxt__git-https---gitlab-com-ada-chem-ftdi_serial__missing,Versioning,missing,TRUE
WzukW__oclaunch__Job-Allow-Failure__ocaml_402,Job-Allow-Failure,,TRUE
balping__laravel-hashslug__Job-Allow-Failure__dependency_scanning,Job-Allow-Failure,,TRUE
odinjv__contador__Versioning__requirementstxt__django__missing,Versioning,missing,TRUE
shaarli__devtools__Versioning__requirementstxt__restructuredtext_lint__missing,Versioning,missing,FALSE
camshift__RTSPbrute__Versioning__requirementstxt__cv2__missing,Versioning,missing,TRUE
jorgeer__ansible-demo__Versioning__requirementstxt__django__missing,Versioning,missing,TRUE
Nooka10__local-food__Job-Allow-Failure__code_quality-api,Job-Allow-Failure,,TRUE
TUHH-TIE__SoccerScraping__Versioning__requirementstxt__scrapy__missing,Versioning,missing,TRUE
Bubu__fdroidclassic__Job-Allow-Failure__connected10,Job-Allow-Failure,,TRUE
GitLabRGI__erdc__geopackage-python__Versioning__requirementstxt__defusedxml__missing,Versioning,missing,TRUE
serial-lab__quartet_epcis__Versioning__gitlabyaml__sphinx__missing,Versioning,missing,FALSE
hyper-expanse__open-source__conventional-gitlab-releaser__Job-Allow-Failure__node_next_yarn_latest,Job-Allow-Failure,,TRUE
user2589__ghd__Versioning__requirementstxt__pandas__any-upper-version,Versioning,any-upper-version,TRUE
open-sismo__coordinate-api__Versioning__requirementstxt____missing,Versioning,missing,FALSE
Louie_ru__InnoSchedule__Versioning__requirementstxt__urllib3__missing,Versioning,missing,TRUE
spease__WeaverForumSoftware__Versioning__gitlabyaml__safety__missing,Versioning,missing,FALSE
alelec__aioeasywebdav__Job-Allow-Failure__test,Job-Allow-Failure,,TRUE
CreaTIKZ-groupe4__CreaTIKZ__Versioning__org-glassfish-jersey-archetypes-jersey-quickstart-grizzly2-0-0-1-SNAPSHOT__org-glassfish-jersey-containers-jersey-container-grizzly2-http__missing,Versioning,missing,TRUE
vgavro__godville_bot__Versioning__requirementstxt__pyyaml__missing,Versioning,missing,TRUE
rhab__PyOTRS__Versioning__requirementstxt__deprecation__missing,Versioning,missing,TRUE
rodo__lolyx__Versioning__requirementstxt__launchpadlib__missing,Versioning,missing,TRUE
matthieu-bruneaux__guide-r-rstudio-git-gitlab__Versioning__gitlabyaml__sphinx__missing,Versioning,missing,FALSE
peiyi__from-my-garden__Versioning__requirementstxt__pyodbc__missing,Versioning,missing,TRUE
coala__community__Versioning__requirementstxt__django__missing,Versioning,missing,TRUE
hawer-forero__MovilidadAcademica__Versioning__hawer-net-eis-MAc-0-0-1-SNAPSHOT__javax-enterprise-cdi-api__missing,Versioning,missing,TRUE
groovy-lang__101-scripts__Job-Allow-Failure__build-pdf,Job-Allow-Failure,,TRUE
systemsengineers__se01-ansible-testing__Versioning__requirementstxt__python-vagrant__missing,Versioning,missing,TRUE
andrebsguedes__das-caffe-images__Versioning__requirementstxt__django__missing,Versioning,missing,TRUE
expliot_framework__expliot__Job-Allow-Failure__pylint,Job-Allow-Failure,,TRUE
iggdrasil__ishtar__Versioning__requirementstxt__six__any-upper-version,Versioning,any-upper-version,TRUE
robconnolly__mycroft-home-assistant__Versioning__requirementstxt__requests__any-upper-version,Versioning,any-upper-version,TRUE
jensastrup__pyOutlook__Versioning__requirementstxt__python-dateutil__missing,Versioning,missing,TRUE
Workshoft__PackagingTutorial__Versioning__requirementstxt__twine__missing,Versioning,missing,FALSE
districted__media-read-service__Job-Retry__deploy-staging,Job-Retry,,TRUE
zefiris__tenhou-client__Manual-Job__bot,Manual-Job,,TRUE
blendergeek__apps__Job-Retry__connected-22-default-armeabi-v7a,Job-Retry,,TRUE
ParkerMc__bling-edit-exporter__Versioning__requirementstxt__PyQt5__missing,Versioning,missing,TRUE
SchoolOrchestration__libs__microservicetool__Versioning__requirementstxt__Django__any-minor-number,Versioning,any-minor-number,TRUE
pothitos__Python_Pipeline__Job-Allow-Failure__static-analysis,Job-Allow-Failure,,TRUE
flat-galaxy__flattrack__Versioning__requirementstxt__requests__missing,Versioning,missing,TRUE
rubdos__cffipp__Versioning__requirementstxt__libclang-py3__missing,Versioning,missing,TRUE
Gustafsson-lab__lassim__Versioning__requirementstxt__pandas__any-upper-version,Versioning,any-upper-version,TRUE
acrandal__cubsat__Versioning__requirementstxt__smbus__missing,Versioning,missing,TRUE
signal9__conanfiles__Versioning__gitlabyaml__zc-buildout__missing,Versioning,missing,FALSE
dalibo__postgresql_anonymizer__Manual-Job__make9-4,Manual-Job,,TRUE
canarduck__disques__Job-Allow-Failure__pages,Job-Allow-Failure,,TRUE
ase__ase__Versioning__requirementstxt__psycopg2-binary__missing,Versioning,missing,TRUE
fg-radi__osm2city__Versioning__requirementstxt__psycopg2-binary__missing,Versioning,missing,TRUE
brandmateriel__brandmateriel__Versioning__requirementstxt__pyvirtualdisplay__missing,Versioning,missing,TRUE
multicloud-openstack-k8s__app__Job-Allow-Failure__dependency_scanning,Job-Allow-Failure,,TRUE
gitmate__coala-incremental__Versioning__requirementstxt__GitPython__missing,Versioning,missing,TRUE
joshburkart__gpscale__Versioning__requirementstxt__attrs__missing,Versioning,missing,TRUE
ultreiaio__jgit-flow__Manual-Job__snapshot,Manual-Job,,FALSE
cediddi__FG-15_dspec__Versioning__requirementstxt__pillow__missing,Versioning,missing,TRUE
ZEEKOEtech__manateefood__Versioning__requirementstxt__django-bower__missing,Versioning,missing,FALSE
project-meerkat__concierge__Versioning__requirementstxt__git-git---github-com-Pleio-django-oauth-toolkit-eab43c9-egg-django-oauth-toolkit__missing,Versioning,missing,TRUE
YoEight__eventstore-rs__Job-Allow-Failure__Linting,Job-Allow-Failure,,TRUE
magnus-odman__audentes__Versioning__gitlabyaml__twine__missing,Versioning,missing,FALSE
