id,category,reviewTag*,title,desc,linkToRepository,linkToOpenedIssue,fixed (y/n/m),fixingCommit,cd-linter-bug,comment-labels,fix-labels,"notes (e.g., how they fix it,)",reaction,lastChecked,state,isAssigned,numUpvotes,numDownvotes,numComments,label*,monitoringTag*,monitoringComment,contributors,contributorsSinceIssue,commitsSinceIssue,fixingCommit-message,resolution-time
mauriciobaeza__empresa-libre__Versioning__requirementstxt__falcon__missing,Versioning,missing,GitLab config: 'requirements.txt' does not specify the exact version of all dependencies,DROPPED FOR NOW,https://gitlab.com/mauriciobaeza/empresa-libre,https://gitlab.com/mauriciobaeza/empresa-libre/issues/368,,,,,,,,200205-180809,deleted,FALSE,0,0,0,NULL,reaction:negative,NULL,-1,-1,-1,,
deltares__rtc-tools__Versioning__gitlabyaml__codecov__missing,Versioning,missing,GitLab config: '.gitlab-ci.yml' does not specify the exact version of all dependencies,DROPPED FOR NOW,https://gitlab.com/deltares/rtc-tools,https://gitlab.com/deltares/rtc-tools/issues/1117,n,,pip-install,,,pip install codecov,,200205-180809,closed,FALSE,0,0,0,NULL,reaction:negative,NULL,12,4,76,,
flatiron-dc__learning-git2__Job-Retry__s3-branch-deployment,Job-Retry,always,GitLab config: Job 's3-branch-deployment' is retried in case of failures,DROPPED FOR NOW,https://gitlab.com/flatiron-dc/learning-git2,https://gitlab.com/flatiron-dc/learning-git2/issues/1,,,,,,,,200205-180811,opened,FALSE,0,0,0,NULL,NULL,NULL,8,0,0,,
svsamipillai__gitlab-hw__Vulnerability__--api-key-e2fbb215-565e-4274-8f2b-73f7670afa9f,Vulnerability,NULL,GitLab config: Hard-coded credentials in '.gitlab-ci.yml',DROPPED FOR NOW,https://gitlab.com/svsamipillai/gitlab-hw,https://gitlab.com/svsamipillai/gitlab-hw/issues/1,,,,,,,,200205-180813,opened,FALSE,0,0,0,NULL,NULL,NULL,17,0,0,,
indybay__indybay-active__Manual-Job__build,Manual-Job,NULL,GitLab config: Job 'build' is manually triggered,DROPPED FOR NOW,https://gitlab.com/indybay/indybay-active,https://gitlab.com/indybay/indybay-active/issues/265,n,,deploy-phase,,,,,200205-180813,closed,FALSE,0,0,0,NULL,reaction:negative,NULL,5,2,22,,
harbottle__puppet-mattermost__Manual-Job__push,Manual-Job,NULL,GitLab config: Job 'push' is manually triggered,DROPPED FOR NOW,https://gitlab.com/harbottle/puppet-mattermost,https://gitlab.com/harbottle/puppet-mattermost/issues/47,n,,deploy-phase,,,"in a previous commit, they voluntarely introduced the smell (https://gitlab.com/harbottle/puppet-mattermost/commit/d536063dc84e277da7798dca963bdbf8afcb7d88)",,200205-180816,closed,FALSE,0,0,0,NULL,NULL,NULL,11,3,17,,
agrumery__aGrUM__Job-Retry__windows_agrum_2017,Job-Retry,always,GitLab config: Job 'windows_agrum_2017' is retried in case of failures,DROPPED FOR NOW,https://gitlab.com/agrumery/aGrUM,https://gitlab.com/agrumery/aGrUM/issues/37,y,52a4c77a6b89a755ed6f51307cd881edd01d911f,,fixed-independently,temporary-smell,He fixed as we said. But he introduced again the smell as temporal patch (https://gitlab.com/agrumery/aGrUM/commit/2beda8596de07539eb0c31c637216ad7acdb4cf8),positive,200205-180818,closed,TRUE,0,0,1,NULL,decision:pending,NULL,24,7,187,"[ci] removing ""retry"" from tests",9993338524
sofreeus__aghi2gitlab__Manual-Job__dev,Manual-Job,NULL,GitLab config: Job 'dev' is manually triggered,DROPPED FOR NOW,https://gitlab.com/sofreeus/aghi2gitlab,https://gitlab.com/sofreeus/aghi2gitlab/issues/4,,,,,,,,200205-180821,opened,FALSE,0,0,0,NULL,NULL,NULL,5,0,0,,
georgedorn__wonambi__Versioning__gitlabyaml__coverage__missing,Versioning,missing,GitLab config: '.gitlab-ci.yml' does not specify the exact version of all dependencies,DROPPED FOR NOW,https://gitlab.com/georgedorn/wonambi,https://gitlab.com/georgedorn/wonambi/issues/75,,,,,,,,200205-180821,opened,FALSE,0,0,0,NULL,NULL,NULL,3,0,0,,
fluidattacks__asserts__Job-Retry__test,Job-Retry,always,GitLab config: Job 'test' is retried in case of failures,DROPPED FOR NOW,https://gitlab.com/fluidattacks/asserts,https://gitlab.com/fluidattacks/asserts/issues/700,y,0b9adaa3110348b9d1cdcbae05f0de7ee785573b,,"use-in-paper, remove-all, flaky-tool",,"use-in-paper, they even removed all the other smells looking at our project repo",positive,200205-180831,closed,TRUE,2,0,3,NULL,use-in-paper,Ultra-positive reaction to the issue...,19,7,492,"feat(job): #700 gitlab config

- Lint our gitlab-ci to comply with the CD-Linter tool developed
  at the University of Zurich
- no allow_failures (already done)
- no credentials (already done)
- no generic job retries (done in this commiti)
- no manual jobs (already done)
- no missing versions in requirements (already done)
- Pass artifacts as context instead via API which sometimes fail
- Remove an unused job that was commented in the gitlab ci
- Shift left a check that can be done pre-MR instead of
  breaking the build at MR time
- Only one deploy stage is needed as they do not depend on each other
- Removes one unneded script ""delete branches"" as it
  only close MRs that are left over night which is a nuisance
- Remove an script that checks if the branch has been rebased
  which is an stopper of devops for repositories with high concurrency
  where rebasing online is a must

Closes #700
",40597408
vuedoc__parser__Job-Allow-Failure__security-scan,Job-Allow-Failure,NULL,GitLab config: Failures in job 'security scan' cannot fail the build,DROPPED FOR NOW,https://gitlab.com/vuedoc/parser,https://gitlab.com/vuedoc/parser/issues/54,,,,,,,,200205-180824,closed,TRUE,1,0,2,NULL,decision:accept,NULL,6,0,0,,
postmarketOS__build-postmarketos-org__Manual-Job__test-phpcs,Manual-Job,NULL,GitLab config: Job 'test:phpcs' is manually triggered,DROPPED FOR NOW,https://gitlab.com/postmarketOS/build.postmarketos.org,https://gitlab.com/postmarketOS/build.postmarketos.org/issues/28,y,a56921a0d0bd1b1f3fec0913c416686bb1fb6722,,dead-branch,job-removed,they agreed with the problem and the issue is not there. They were started from scratch but the problem was not introduced. So they learned from mistakes.I won't compute fix rate.,not-now,200205-180841,closed,FALSE,0,0,3,NULL,long-lived-branch,The current master is not the active development branch.,3,3,315,"gitlab-ci: run flake8

Running the pytest testsuite gets stuck in gitlab ci, so I've not
enabled it in this commit. See #31.
",4412981296
coala__package_manager__Versioning__requirementstxt__hg-https---bitbucket-org-jayvdb-sarge-win-reg-lookup-egg-sarge__missing,Versioning,missing,GitLab config: 'requirements.txt' does not specify the exact version of all dependencies,DROPPED FOR NOW,https://gitlab.com/coala/package_manager,https://gitlab.com/coala/package_manager/issues/275,,,,,,,,200205-180826,opened,FALSE,0,1,1,NULL,decision:reject,NULL,32,0,0,,
jonocarroll__mathpix__Job-Allow-Failure__r-oldrel,Job-Allow-Failure,NULL,GitLab config: Failures in job 'r-oldrel' cannot fail the build,DROPPED FOR NOW,https://gitlab.com/jonocarroll/mathpix,https://gitlab.com/jonocarroll/mathpix/issues/7,,,,,,,,200205-180827,opened,FALSE,0,0,0,NULL,NULL,NULL,1,0,0,,
kb__block__Vulnerability__-SECRET_KEY--sk_test-,Vulnerability,NULL,GitLab config: Hard-coded credentials in '.gitlab-ci.yml',DROPPED FOR NOW,https://gitlab.com/kb/block,https://gitlab.com/kb/block/issues/1,,,,,,,,200205-180828,closed,FALSE,0,1,2,NULL,reaction:negative,NULL,6,1,6,,
Orange-OpenSource__gitlab-buildpkg-tools__Manual-Job__build_ubuntu_artful,Manual-Job,NULL,GitLab config: Job 'build_ubuntu_artful' is manually triggered,DROPPED FOR NOW,https://gitlab.com/Orange-OpenSource/gitlab-buildpkg-tools,https://gitlab.com/Orange-OpenSource/gitlab-buildpkg-tools/issues/14,n,,,,,,,200205-180845,closed,FALSE,1,0,0,NULL,NULL,NULL,7,7,99,,
pushrocks__smartcli__Job-Allow-Failure__pages,Job-Allow-Failure,NULL,GitLab config: Failures in job 'pages' cannot fail the build,DROPPED FOR NOW,https://gitlab.com/pushrocks/smartcli,https://gitlab.com/pushrocks/smartcli/issues/3,,,,,,,,200205-180830,closed,FALSE,0,0,0,NULL,decision:ignored,NULL,8,0,0,,
neachdainn__nng-rs__Job-Allow-Failure__nightly,Job-Allow-Failure,NULL,GitLab config: Failures in job 'nightly' cannot fail the build,DROPPED FOR NOW,https://gitlab.com/neachdainn/nng-rs,https://gitlab.com/neachdainn/nng-rs/issues/38,n,,,"nightly-build, no-trust, flaky-tool",,,negative,200205-180847,closed,FALSE,0,2,5,NULL,decision:reject,Maintainer has offered an interview...,5,3,35,,
larsyunker__unithandler__Versioning__requirementstxt__numpy__missing,Versioning,missing,GitLab config: 'requirements.txt' does not specify the exact version of all dependencies,DROPPED FOR NOW,https://gitlab.com/larsyunker/unithandler,https://gitlab.com/larsyunker/unithandler/issues/12,y,b93e79a9d229cc33feee90c48fe751a60aea045f,,agreement,wrong-fix,he set a lower bound,positive,200205-180848,closed,FALSE,0,0,2,NULL,decision:fix,NULL,1,2,10,"added version specification
",291505243
covcom__continuous-integration-example__Vulnerability__--api-key-95023c27-5a9d-4250-a3fd-d2e19e0dac02,Vulnerability,NULL,GitLab config: Hard-coded credentials in '.gitlab-ci.yml',DROPPED FOR NOW,https://gitlab.com/covcom/continuous-integration-example,https://gitlab.com/covcom/continuous-integration-example/issues/1,,,,,,,,200205-180839,opened,FALSE,0,0,0,NULL,NULL,NULL,1,0,0,,
runarberg__trompt__Job-Allow-Failure__test-unstable,Job-Allow-Failure,NULL,GitLab config: Failures in job 'test:unstable' cannot fail the build,DROPPED FOR NOW,https://gitlab.com/runarberg/trompt,https://gitlab.com/runarberg/trompt/issues/3,,,,,,,,200205-180840,opened,FALSE,0,0,0,NULL,NULL,NULL,2,0,0,,
sherpa-team__sherpa__Manual-Job__test-clang-strict-LO_Z,Manual-Job,NULL,GitLab config: Job 'test-clang-strict-LO_Z' is manually triggered,DROPPED FOR NOW,https://gitlab.com/sherpa-team/sherpa,https://gitlab.com/sherpa-team/sherpa/issues/194,y,2aee2ba0aa34788e48779add088955009a7e06d4,,,,,,200205-180851,closed,FALSE,0,0,0,NULL,reaction:negative,NULL,36,16,58,"CI and Manual Overhaul

This adds a ci-pipeline configuration and converts the documentation to the spinx-doc format (to play along with the website).

## Details

### Gitlab CI

* the jobs now use a prefabricated docker image (see https://gitlab.com/vale9811/sherpa-docker-build) this reduces the setup time
* the build steps use ccache and the gold linker to speed up compilation
* the documentation is being rebuilt only on changes
* on tags the ci:
  * triggers a website rebuild on tags (to refresh the releases page)
  * makes a `make dist` tarball and attaches it to the release
* and some smaller nitpicks

### Documentation:

* converted the documentation to [sphinx-doc](https://www.sphinx-doc.org/en/master/)
* this allows to generate most common formats out of the sources (even a `manpage`)
* to enable the manual when compiling, configure with `--enable-manual`
  * when this is enabled and the dist tarball is generated with `make dist` it will include the manual in `info`, `html` and `pdf` format as well as the `manpage`
* for more details see `Manual/readme.md`
",3600843163
elad-noor__equilibrator-api__Versioning__gitlabyaml__wheel__missing,Versioning,missing,GitLab config: '.gitlab-ci.yml' does not specify the exact version of all dependencies,DROPPED FOR NOW,https://gitlab.com/elad.noor/equilibrator-api,https://gitlab.com/elad.noor/equilibrator-api/issues/48,,,,,,,,200205-180843,deleted,FALSE,0,0,0,NULL,NULL,NULL,-1,-1,-1,,
jamietanna__jvt-me__Job-Allow-Failure__test_links,Job-Allow-Failure,NULL,GitLab config: Failures in job 'test_links' cannot fail the build,DROPPED FOR NOW,https://gitlab.com/jamietanna/jvt.me,https://gitlab.com/jamietanna/jvt.me/issues/664,y,0e056c88f632bfd5f186b9d0272f7033eec03795,,let-it-run,,"they agree with the general problem and they remove when refactoring the jobs. Now no more allow failures in the jobs, so they learned.",not-now,200205-180901,closed,FALSE,0,1,1,NULL,NULL,NULL,2,2,2173,"Convert pipeline to full Docker multi-stage build

To speed up the deployment of the site, we can replace the individual
build jobs to replace it with a single stage that only pushes the built
branch if the tests pass.

This means we can get rid of the `Dockerfile.test` and the test stage,
as it's now occurring within the build phase.

We can also remove the `Dockerfile.deploy` as all we need is our gem
dependencies and `git` and `ssh`, remembering to check out our Git repo,
as we had previously removed set `GIT_STRATEGY: none` so we could bundle
the deployment configuration into the deploy image.

We need to make sure that we copy all the right files in for testing, as
we don't need everything in it, even though it increases the work we
have to do to copy all the right bits in.

Unfortunately the `theme_branch` Rake task doesn't translate to the new
build model, as it needs access to `.git` and `themes/`. Instead of
copying those in, as well, we can instead move the script out to a
separate build job, retaining the nice Ruby code, in a super quick
execution alongside our other jobs.

Actually closes #210, as this replaces the other `Dockerfile`s to give
us a single `Dockerfile` as a source-of-truth.
",5144456847
psono__psono-server__Versioning__requirementstxt__six__missing,Versioning,missing,GitLab config: 'requirements.txt' does not specify the exact version of all dependencies,DROPPED FOR NOW,https://gitlab.com/psono/psono-server,https://gitlab.com/psono/psono-server/issues/73,y,bcab74ce3981ca533d9ab55b6029c07dc6f5121d,,prefer-last-version,,"@Seb, this guy did not like you!",not-now,200205-181110,closed,FALSE,0,1,5,NULL,reason:benefitoffutureupdates,NULL,7,3,94,"fixtures for python versions
",8845580793
dalton__dalton__Job-Allow-Failure__nightly-mpi-int64,Job-Allow-Failure,NULL,GitLab config: Failures in job 'nightly-mpi-int64' cannot fail the build,DROPPED FOR NOW,https://gitlab.com/dalton/dalton,https://gitlab.com/dalton/dalton/issues/99,n,,,"nightly-build, let-it-run",job-removed,,not-now,200205-181115,closed,FALSE,0,0,3,NULL,decision:reject,NULL,70,11,80,,
angreal__angreal__Job-Allow-Failure__init_gitlab_python,Job-Allow-Failure,NULL,GitLab config: Failures in job 'init_gitlab_python' cannot fail the build,DROPPED FOR NOW,https://gitlab.com/angreal/angreal,https://gitlab.com/angreal/angreal/issues/81,n,,,let-it-run,,the job was in the template_test stage. Sounds fishy,negative,200205-181120,closed,FALSE,0,1,1,NULL,NULL,NULL,4,3,32,,
eyeo__websites__web-adblockplus-org__Manual-Job__tests,Manual-Job,NULL,GitLab config: Job 'tests' is manually triggered,DROPPED FOR NOW,https://gitlab.com/eyeo/websites/web.adblockplus.org,https://gitlab.com/eyeo/websites/web.adblockplus.org/issues/306,,,,,,,,200205-180849,deleted,FALSE,1,0,3,NULL,temporary,NULL,-1,-1,-1,,
radek-sprta__mariner__Vulnerability__--token-69b7f6f2-c281-4b78-862d-396e8e6f8b1b,Vulnerability,NULL,GitLab config: Hard-coded credentials in '.gitlab-ci.yml',DROPPED FOR NOW,https://gitlab.com/radek-sprta/mariner,https://gitlab.com/radek-sprta/mariner/issues/15,,,,,,,,200205-180849,closed,FALSE,0,0,1,NULL,unknown,NULL,1,1,8,,
gnaar__piste__Vulnerability__--token-d9c2a4a7-e06f-4634-b2ae-fafc20ca92d2,Vulnerability,NULL,GitLab config: Hard-coded credentials in '.gitlab-ci.yml',DROPPED FOR NOW,https://gitlab.com/gnaar/piste,https://gitlab.com/gnaar/piste/issues/1,,,,,,,,200205-180851,opened,FALSE,0,0,0,NULL,NULL,NULL,1,0,0,,
john-carroll-p__rschedule__Job-Allow-Failure__dependency_scanning,Job-Allow-Failure,NULL,GitLab config: Failures in job 'dependency_scanning' cannot fail the build,DROPPED FOR NOW,https://gitlab.com/john.carroll.p/rschedule,https://gitlab.com/john.carroll.p/rschedule/issues/32,y,,,job-removed,,the whole job was disabled and no smells of the same type are detected,,200205-181122,closed,FALSE,0,1,0,NULL,reaction:negative,NULL,1,1,69,,
experimentslabs__engine_elabs__Job-Allow-Failure__bundle-outdated,Job-Allow-Failure,NULL,GitLab config: Failures in job 'bundle/outdated' cannot fail the build,DROPPED FOR NOW,https://gitlab.com/experimentslabs/engine_elabs,https://gitlab.com/experimentslabs/engine_elabs/issues/81,n,,,"depedency-scanning, agreement",,"it only report outdated packages, the job is related to bundling so can fail",not-now,200205-181131,closed,FALSE,0,1,3,NULL,decision:reject,NULL,4,2,34,,
inkscape__inkscape-web__Versioning__requirementstxt__django-extratest__any-upper-version,Versioning,any-upper-version,GitLab config: 'requirements.txt' does not specify the exact version of all dependencies,DROPPED FOR NOW,https://gitlab.com/inkscape/inkscape-web,https://gitlab.com/inkscape/inkscape-web/issues/416,n,,,"tool-upgrade, prefer-last-version",,,negative,200205-181133,closed,FALSE,0,2,6,NULL,reason:benefitoffutureupdates,NULL,22,6,120,,
litecord__litecord__Versioning__requirementstxt__pipenv__missing,Versioning,missing,GitLab config: 'requirements.txt' does not specify the exact version of all dependencies,DROPPED FOR NOW,https://gitlab.com/litecord/litecord,https://gitlab.com/litecord/litecord/issues/55,n,,,"tool-upgrade, no-trust",,,negative,200205-181138,closed,FALSE,0,0,3,NULL,reaction:negative,NULL,16,3,94,,
linagora__petals-cockpit__Job-Retry__test-frontend,Job-Retry,always,GitLab config: Job 'test-frontend' is retried in case of failures,DROPPED FOR NOW,https://gitlab.com/linagora/petals-cockpit,https://gitlab.com/linagora/petals-cockpit/issues/556,n,,,flaky-tool,self-admitted,they added a comment in the code for that. They say that those tests are fine but might unpredictably fail because of the imperfection of test frameworks.,not-now,200205-181143,closed,FALSE,0,1,2,NULL,temporary,NULL,10,7,117,,
adventuscalendar__utils__docker-prototool__Vulnerability__-token-6cb5281522c5b60e528e806335e6ad,Vulnerability,NULL,GitLab config: Hard-coded credentials in '.gitlab-ci.yml',DROPPED FOR NOW,https://gitlab.com/adventuscalendar/utils/docker-prototool,https://gitlab.com/adventuscalendar/utils/docker-prototool/issues/1,,,,,,,,200205-180910,deleted,FALSE,0,0,0,NULL,NULL,NULL,-1,-1,-1,,
juhani__go-semrel-gitlab__Manual-Job__test,Manual-Job,NULL,GitLab config: Job 'test' is manually triggered,DROPPED FOR NOW,https://gitlab.com/juhani/go-semrel-gitlab,https://gitlab.com/juhani/go-semrel-gitlab/issues/84,n,,,,,,,200205-181145,closed,FALSE,0,0,0,NULL,reaction:negative,NULL,3,1,4,,
uninen__heimlich__Vulnerability__-SECRET_KEY--j8k0b21ev36-xw3dtdmy8-shuavf5e-yb0h3eu5a3-!nqq-jna-,Vulnerability,NULL,GitLab config: Hard-coded credentials in '.gitlab-ci.yml',DROPPED FOR NOW,https://gitlab.com/uninen/heimlich,https://gitlab.com/uninen/heimlich/issues/21,,,,,,,,200205-181108,closed,FALSE,1,0,4,NULL,decision:fix,NULL,1,1,10,,
GitLabRGI__erdc__geopackage-python__Versioning__requirementstxt__lxml__missing,Versioning,missing,GitLab config: 'requirements.txt' does not specify the exact version of all dependencies,DROPPED FOR NOW,https://gitlab.com/GitLabRGI/erdc/geopackage-python,https://gitlab.com/GitLabRGI/erdc/geopackage-python/issues/39,,,,,,,,200205-181109,deleted,FALSE,0,0,0,NULL,NULL,NULL,-1,-1,-1,,
bitseater__meteo__Job-Allow-Failure__package-snap,Job-Allow-Failure,NULL,GitLab config: Failures in job 'package:snap' cannot fail the build,DROPPED FOR NOW,https://gitlab.com/bitseater/meteo,https://gitlab.com/bitseater/meteo/issues/125,y,1ba18b07cbd8d0b19f266311eb03cec2267f2180,,use-in-paper,,,positive,200205-181149,closed,TRUE,1,0,1,NULL,request-mr,"While the maintainer has originally asked for an MR, Carmines mining identified that it has been fixed since.",15,3,22,"Allow failure on snap build
",3503753
r1dScripts__chatty_server__Versioning__requirementstxt__dnspython__missing,Versioning,missing,GitLab config: 'requirements.txt' does not specify the exact version of all dependencies,DROPPED FOR NOW,https://gitlab.com/r1dScripts/chatty_server,https://gitlab.com/r1dScripts/chatty_server/issues/3,,,,,,,,200205-181111,opened,FALSE,0,0,0,NULL,NULL,NULL,1,0,0,,
dataengi__marketing__www-dataengi-com__Manual-Job__check_links,Manual-Job,NULL,GitLab config: Job 'check_links' is manually triggered,DROPPED FOR NOW,https://gitlab.com/dataengi/marketing/www.dataengi.com,https://gitlab.com/dataengi/marketing/www.dataengi.com/issues/45,,,,,,,,200205-181112,deleted,FALSE,0,0,0,NULL,NULL,NULL,-1,-1,-1,,
phyohtetarkar__github-jobs__Manual-Job__build,Manual-Job,NULL,GitLab config: Job 'build' is manually triggered,DROPPED FOR NOW,https://gitlab.com/phyohtetarkar/github-jobs,https://gitlab.com/phyohtetarkar/github-jobs/issues/1,,,,,,,,200205-181113,opened,FALSE,0,0,0,NULL,NULL,NULL,1,0,0,,
xomachine__NESM__Job-Allow-Failure__test-devel,Job-Allow-Failure,NULL,GitLab config: Failures in job 'test:devel' cannot fail the build,DROPPED FOR NOW,https://gitlab.com/xomachine/NESM,https://gitlab.com/xomachine/NESM/issues/18,n,,,"flaky-tool, optional-job",,The job is only used to test whether the used compiler works well. Do not buy their motivation.,negative,200205-181150,closed,FALSE,0,1,1,NULL,NULL,NULL,2,2,8,,
librespacefoundation__satnogs__satnogs-docs__Versioning__requirementstxt__pyserial__missing,Versioning,missing,GitLab config: 'requirements.txt' does not specify the exact version of all dependencies,DROPPED FOR NOW,https://gitlab.com/librespacefoundation/satnogs/satnogs-docs,https://gitlab.com/librespacefoundation/satnogs/satnogs-docs/issues/20,,,,,,,,200205-181118,deleted,FALSE,0,0,0,NULL,NULL,NULL,-1,-1,-1,,
emcrp__src__Manual-Job__build-and-push,Manual-Job,NULL,GitLab config: Job 'build-and-push' is manually triggered,DROPPED FOR NOW,https://gitlab.com/emcrp/src,https://gitlab.com/emcrp/src/issues/44,,,,,,,,200205-181119,opened,FALSE,0,0,0,NULL,NULL,NULL,12,0,0,,
simulant__simulant__Job-Allow-Failure__test-dreamcast-sh4-gcc,Job-Allow-Failure,NULL,GitLab config: Failures in job 'test:dreamcast-sh4-gcc' cannot fail the build,DROPPED FOR NOW,https://gitlab.com/simulant/simulant,https://gitlab.com/simulant/simulant/issues/230,n,,,"incomplete-implementation, temporary-smell",self-admitted,"This guy tends to allow failure in case of unstable jobs (https://gitlab.com/simulant/simulant/commit/4bb7f9e8eb185512940820641b7105916880f5cf), and when the job becomes stable he removes it (https://gitlab.com/simulant/simulant/commit/413d5ba3226ebcd57b24707ca38eca8728d5d78a)",negative,200205-181152,closed,FALSE,0,1,3,NULL,temporary,NULL,5,3,330,,
perobertson__dotfiles__Manual-Job__py38,Manual-Job,NULL,GitLab config: Job 'py38' is manually triggered,DROPPED FOR NOW,https://gitlab.com/perobertson/dotfiles,https://gitlab.com/perobertson/dotfiles/issues/1,y,a74cd35e1d4170fbb604ba051b40e11255d4e4cb,,temporary-smell,,It was a temporary workaround as the guy said here (https://gitlab.com/perobertson/dotfiles/commit/f174833d59b3279e41486c9c14dae7a88a16a97b),,200205-181159,closed,TRUE,0,0,0,NULL,NULL,NULL,9,1,51,python3.8 is released,5694944417
charts__gitlab__Job-Allow-Failure__production_specs_eks,Job-Allow-Failure,NULL,GitLab config: Failures in job 'production_specs_eks' cannot fail the build,DROPPED FOR NOW,https://gitlab.com/charts/gitlab,https://gitlab.com/charts/gitlab/issues/1527,,,,,,,,200205-181123,deleted,FALSE,0,0,1,S4,decision:accept,NULL,-1,-1,-1,,
aegir__aegir__Job-Allow-Failure__pages,Job-Allow-Failure,NULL,GitLab config: Failures in job 'pages' cannot fail the build,DROPPED FOR NOW,https://gitlab.com/aegir/aegir,https://gitlab.com/aegir/aegir/issues/43,,,,,,,,200205-181124,closed,FALSE,0,1,4,NULL,reaction:negative,NULL,3,0,0,,
thehumaneffort__rails-5-base__Vulnerability__-SECRET_KEY_BASE-onetwo,Vulnerability,NULL,GitLab config: Hard-coded credentials in '.gitlab-ci.yml',DROPPED FOR NOW,https://gitlab.com/thehumaneffort/rails-5-base,https://gitlab.com/thehumaneffort/rails-5-base/issues/1,,,,,,,,200205-181125,opened,FALSE,0,0,0,NULL,NULL,NULL,1,0,0,,
freedesktop-sdk__freedesktop-sdk__Job-Allow-Failure__minimal_systemd_vm_powerpc64le,Job-Allow-Failure,NULL,GitLab config: Failures in job 'minimal_systemd_vm_powerpc64le' cannot fail the build,DROPPED FOR NOW,https://gitlab.com/freedesktop-sdk/freedesktop-sdk,https://gitlab.com/freedesktop-sdk/freedesktop-sdk/issues/843,n,,,"temporary-smell, agreement, optional-job, flaky-env",self-admitted,"They generally agree but this job is not crucial and it is not guarantee to succeed because of external factors. They even added a comment saying that they will fix it in the future (""# FIXME: We should find out why this fails to boot."")",not-now,200205-181200,closed,FALSE,0,1,6,NULL,temporary,NULL,57,28,842,,
anited__publish__Versioning__requirementstxt__Markdown__any-upper-version,Versioning,any-upper-version,GitLab config: 'requirements.txt' does not specify the exact version of all dependencies,DROPPED FOR NOW,https://gitlab.com/anited/publish,https://gitlab.com/anited/publish/issues/42,y,e645cd575fad815ed5872dc09f939c9883acbbe3,,no-trust,,,negative,200205-181207,closed,FALSE,0,1,1,NULL,decision:fix,"Was an ignore with negative response before, but Carmines mining has identified a fix of that.",2,1,4,"Resolve ""Simplify requirements declaration""
",235684719
dodgyville__pygltflib__Versioning__requirementstxt__dataclasses__missing,Versioning,missing,GitLab config: 'requirements.txt' does not specify the exact version of all dependencies,DROPPED FOR NOW,https://gitlab.com/dodgyville/pygltflib,https://gitlab.com/dodgyville/pygltflib/issues/16,y,d12ef9de115290dd9f224c17fc889a3aaf0d8b52,,wrong-fix,,"They fixed, but they introduced another smell",,200205-181209,closed,FALSE,0,0,0,NULL,decision:fix,"The dev has not been reacting to the issue, but fixed the problem as identified by Carmines mining.",3,2,17,"add extentions, add extras, add tests, allow custom fields on Attributes
",68296527
iba-aes__webcie__website__Job-Retry__Make-Docker-image,Job-Retry,script_failure,GitLab config: Job 'Make Docker image' is retried in case of failures,DROPPED FOR NOW,https://gitlab.com/iba-aes/webcie/website,https://gitlab.com/iba-aes/webcie/website/issues/11048,,,,,,,,200205-181135,deleted,FALSE,0,0,2,Intern,reaction:positive,NULL,-1,-1,-1,,
oly-exams__exam_tools__Versioning__requirementstxt__future__missing,Versioning,missing,GitLab config: 'requirements.txt' does not specify the exact version of all dependencies,DROPPED FOR NOW,https://gitlab.com/oly-exams/exam_tools,https://gitlab.com/oly-exams/exam_tools/issues/477,,,,,,,,200205-181136,opened,FALSE,0,0,0,NULL,NULL,NULL,11,0,0,,
datadrivendiscovery__sklearn-wrap__Versioning__requirementstxt__git-https---gitlab-com-datadrivendiscovery-d3m-git-devel__missing,Versioning,missing,GitLab config: 'requirements.txt' does not specify the exact version of all dependencies,DROPPED FOR NOW,https://gitlab.com/datadrivendiscovery/sklearn-wrap,https://gitlab.com/datadrivendiscovery/sklearn-wrap/issues/224,y,,wrong-detection,,,They were actually using exact versions already. Could this be an issue of our tool?,positive,200205-181216,closed,FALSE,0,1,2,NULL,decision:reject,NULL,11,5,33,,
Manu343726__tinyrefl__Job-Retry__conan-integration-clang60,Job-Retry,always,GitLab config: Job 'conan-integration-clang60' is retried in case of failures,DROPPED FOR NOW,https://gitlab.com/Manu343726/tinyrefl,https://gitlab.com/Manu343726/tinyrefl/issues/14,,,,,,,,200205-181141,opened,FALSE,0,0,0,NULL,NULL,NULL,3,0,0,,
gioxa__imagebuilder__Job-Retry__build_rootfs-pass_two,Job-Retry,always,GitLab config: Job 'build_rootfs:pass_two' is retried in case of failures,DROPPED FOR NOW,https://gitlab.com/gioxa/imagebuilder,https://gitlab.com/gioxa/imagebuilder/issues/5,,,,,,,,200205-181141,opened,FALSE,0,0,0,NULL,NULL,NULL,1,0,0,,
tvaughan__docker-flask-starterkit__Vulnerability__-POSTGRES_PASS,Vulnerability,NULL,GitLab config: Hard-coded credentials in '.gitlab-ci.yml',DROPPED FOR NOW,https://gitlab.com/tvaughan/docker-flask-starterkit,https://gitlab.com/tvaughan/docker-flask-starterkit/issues/7,,,,,,,,200205-181142,deleted,FALSE,0,0,0,NULL,NULL,NULL,-1,-1,-1,,
elixire__elixire__Versioning__gitlabyaml__virtualenv__missing,Versioning,missing,GitLab config: '.gitlab-ci.yml' does not specify the exact version of all dependencies,DROPPED FOR NOW,https://gitlab.com/elixire/elixire,https://gitlab.com/elixire/elixire/issues/118,n,,pip-install,prefer-last-version,,,negative,200205-181224,closed,FALSE,0,1,2,NULL,reaction:negative,NULL,14,1,6,,
offa__docker-images-ci__Job-Retry__stm32-eth_clang-5,Job-Retry,always,GitLab config: Job 'stm32-eth_clang-5' is retried in case of failures,DROPPED FOR NOW,https://gitlab.com/offa/docker-images-ci,https://gitlab.com/offa/docker-images-ci/issues/14,y,97b0ec17ef6e785c7bc0e10a3863e4407ae860bb,,"use-in-paper, new-linters-suggestions",,also suggestions for new linters,positive,200205-181228,closed,TRUE,1,0,1,enhancement,decision:fix,NULL,1,1,4,"Retry removed (#14).
",99809799
vindarel__abelujo__Job-Allow-Failure__py-qa,Job-Allow-Failure,NULL,GitLab config: Failures in job 'py-qa' cannot fail the build,DROPPED FOR NOW,https://gitlab.com/vindarel/abelujo,https://gitlab.com/vindarel/abelujo/issues/157,n,,"optional-job, code-quality",,,"He does not care about code quality, that's why he introduced it (https://gitlab.com/vindarel/abelujo/commit/cb2004f6745a8b3c29e953bb445900429f896988)",,200205-181229,closed,FALSE,0,1,0,NULL,reaction:negative,NULL,3,2,195,,
gnutls__libtasn1__Job-Retry__x86,Job-Retry,always,GitLab config: Job 'x86' is retried in case of failures,DROPPED FOR NOW,https://gitlab.com/gnutls/libtasn1,https://gitlab.com/gnutls/libtasn1/issues/23,y,8314e160629c49161ed88217a376e0812e854bb7,,"flaky-env, no-trust",,"Also here, they seem to not like the suggrestion but they then fix the issue in a subsequent issue. They introduced it because we have no control on the infrastructure and at some point several docker or image download problems were causing the CI to fail.",not-now,200205-181250,closed,FALSE,1,0,4,NULL,decision:accept,NULL,22,5,33,".gitlab-ci.yml: save artifacts on failure

Signed-off-by: Nikos Mavrogiannopoulos <nmav@gnutls.org>
",12430914071
valtron__msn-server__Versioning__requirementstxt__lxml__missing,Versioning,missing,GitLab config: 'requirements.txt' does not specify the exact version of all dependencies,DROPPED FOR NOW,https://gitlab.com/valtron/msn-server,https://gitlab.com/valtron/msn-server/issues/92,n,,,"prefer-last-version, agreement, no-time",,they agree but it is not an issue now,not-now,200205-181253,closed,FALSE,0,1,4,NULL,reason:benefitoffutureupdates,NULL,5,1,63,,
fdroid__fdroidclient__Job-Retry__connected-22-default-armeabi-v7a,Job-Retry,always,GitLab config: Job 'connected 22 default armeabi-v7a' is retried in case of failures,DROPPED FOR NOW,https://gitlab.com/fdroid/fdroidclient,https://gitlab.com/fdroid/fdroidclient/issues/1842,n,,,flaky-env,,,negative,200205-181256,closed,FALSE,0,1,2,NULL,reaction:negative,NULL,120,11,148,,
wpdesk__wp-dataset__Job-Retry__deploy-to-shop,Job-Retry,always,GitLab config: Job 'deploy to shop' is retried in case of failures,DROPPED FOR NOW,https://gitlab.com/wpdesk/wp-dataset,https://gitlab.com/wpdesk/wp-dataset/issues/1,,,,,,,,200205-181151,opened,FALSE,0,0,0,NULL,NULL,NULL,3,0,0,,
atomap__atomap__Job-Allow-Failure__style_checks_flake8_docstrings,Job-Allow-Failure,NULL,GitLab config: Failures in job 'style_checks_flake8_docstrings' cannot fail the build,DROPPED FOR NOW,https://gitlab.com/atomap/atomap,https://gitlab.com/atomap/atomap/issues/88,y,704c19e85eb985ac2514be89af16b19d66c78854,,,,"they removed the whole job, it's about code quality",,200205-181300,closed,FALSE,1,0,0,NULL,decision:fix,NULL,9,5,111,"gitlab-ci: remove docstring style checks

It wasn't currently being used, and caused some confusion in the
CI process.
",1939017040
NTPsec__ntpsec__Job-Retry__ubuntu-rolling-refclocks,Job-Retry,always,GitLab config: Job 'ubuntu-rolling-refclocks' is retried in case of failures,DROPPED FOR NOW,https://gitlab.com/NTPsec/ntpsec,https://gitlab.com/NTPsec/ntpsec/issues/609,y,bbdbf796556570228e2dda8d6c96bf7191c02016,,use-in-paper,,,positive,200205-181305,closed,FALSE,0,0,5,NULL,decision:fix,NULL,33,15,246,"Don't retry on script failure

Most errors aren't quickly transient (eg, our most common transient, external
failure is an upstream repo having a problem and these usually aren't fixed
within the retry period), so retrying is wasting time.

See also NTPsec/ntpsec#609
",280389926
DDP2-CSUI__assignment__Manual-Job__funtest-a1,Manual-Job,NULL,GitLab config: Job 'funtest:a1' is manually triggered,DROPPED FOR NOW,https://gitlab.com/DDP2-CSUI/assignment,https://gitlab.com/DDP2-CSUI/assignment/issues/4,,,,,,,,200205-181158,opened,FALSE,0,0,0,NULL,NULL,NULL,3,0,0,,
DMore__chrome-mink-driver__Job-Retry__Headed-chrome-unstable,Job-Retry,always,GitLab config: Job 'Headed chrome unstable' is retried in case of failures,DROPPED FOR NOW,https://gitlab.com/DMore/chrome-mink-driver,https://gitlab.com/DMore/chrome-mink-driver/issues/79,n,,,,,"They wanted to have it (https://gitlab.com/DMore/chrome-mink-driver/commit/a092ca20470f3cbda4acaf779f3b605bc7f0a2a2), probably due to flaky env",,200205-181314,closed,FALSE,0,1,0,NULL,reaction:negative,NULL,29,2,3,,
materials-modeling__dynasor__Job-Allow-Failure__run_tests,Job-Allow-Failure,NULL,GitLab config: Failures in job 'run_tests' cannot fail the build,DROPPED FOR NOW,https://gitlab.com/materials-modeling/dynasor,https://gitlab.com/materials-modeling/dynasor/issues/27,n,,,"no-time, agreement",,"positive reaction, they agree but they do not have time to fix it and not actual tests to run",positive,200205-181317,closed,FALSE,0,1,2,NULL,NULL,NULL,6,2,4,,
abrahamwill__Assignment-DDP2__Manual-Job__funtest-a1,Manual-Job,NULL,GitLab config: Job 'funtest:a1' is manually triggered,DROPPED FOR NOW,https://gitlab.com/abrahamwill/Assignment-DDP2,https://gitlab.com/abrahamwill/Assignment-DDP2/issues/1,,,,,,,,200205-181205,opened,FALSE,0,0,0,NULL,NULL,NULL,5,0,0,,
ernesto-jimenez-ruiz__OptiqueVQS__Versioning__eu-optique-OptiqueVQS-1-0-0-SNAPSHOT__org-glassfish-jersey-containers-jersey-container-servlet-core__missing,Versioning,missing,GitLab config: 'pom.xml' does not specify the exact version of all dependencies,DROPPED FOR NOW,https://gitlab.com/ernesto.jimenez.ruiz/OptiqueVQS,https://gitlab.com/ernesto.jimenez.ruiz/OptiqueVQS/issues/4,,,,,,,,200205-181206,opened,FALSE,0,0,0,NULL,NULL,NULL,4,0,0,,
ase__ase__Versioning__requirementstxt__numpy__missing,Versioning,missing,GitLab config: 'requirements.txt' does not specify the exact version of all dependencies,DROPPED FOR NOW,https://gitlab.com/ase/ase,https://gitlab.com/ase/ase/issues/422,n,,,let-it-run,,"we want always to try with the newest version...if it fails, this means that we should make our tool compatible with the newest versions",positive,200205-181322,closed,FALSE,0,0,8,NULL,use-in-paper,NULL,87,80,1773,,
guardianproject__checkey__Job-Retry__connected-22-default-armeabi-v7a,Job-Retry,always,GitLab config: Job 'connected 22 default armeabi-v7a' is retried in case of failures,DROPPED FOR NOW,https://gitlab.com/guardianproject/checkey,https://gitlab.com/guardianproject/checkey/issues/4,,,,,,,,200205-181208,opened,FALSE,0,0,0,NULL,NULL,NULL,5,0,0,,
expliot_framework__expliot__Job-Allow-Failure__pylint,Job-Allow-Failure,NULL,GitLab config: Failures in job 'pylint' cannot fail the build,DROPPED FOR NOW,https://gitlab.com/expliot_framework/expliot,https://gitlab.com/expliot_framework/expliot/issues/21,y,aeb41950fcb78118294f928e460c893e42c3badf,,let-it-run,,,negative,200205-181330,closed,FALSE,0,1,1,NULL,decision:reject,NULL,6,6,104,"Disable bare-except
",1515197282
Molcas__OpenMolcas__Vulnerability__https---gitlab-com-Molcas-Mirrors-Tinker-raw-master---TINKERVERSION--tar-gz-private_token-Y5PsqzY_Ev8U6JQDGyuL,Vulnerability,NULL,GitLab config: Hard-coded credentials in '.gitlab-ci.yml',DROPPED FOR NOW,https://gitlab.com/Molcas/OpenMolcas,https://gitlab.com/Molcas/OpenMolcas/issues/160,,,,,,,,200205-181210,closed,FALSE,0,0,0,NULL,decision:fix,NULL,37,15,451,,
codingrights__radarlegislativo__Versioning__requirementstxt__beautifulsoup4__missing,Versioning,missing,GitLab config: 'requirements.txt' does not specify the exact version of all dependencies,DROPPED FOR NOW,https://gitlab.com/codingrights/radarlegislativo,https://gitlab.com/codingrights/radarlegislativo/issues/91,,,,,,,,200205-181214,opened,FALSE,0,0,0,NULL,NULL,NULL,15,0,0,,
sirimangalo__meditation-plus__Job-Allow-Failure__dependency_scanning,Job-Allow-Failure,NULL,GitLab config: Failures in job 'dependency_scanning' cannot fail the build,DROPPED FOR NOW,https://gitlab.com/sirimangalo/meditation-plus,https://gitlab.com/sirimangalo/meditation-plus/issues/136,y,d75aed6384fa90a022073d664bfe25efeb1c475b,,"let-it-run, gitlab-template",job-removed,,negative,200205-181331,closed,FALSE,0,1,2,NULL,decision:reject,NULL,11,7,37,"fix: sast integration
",6850062902
lappis-unb__projects__SMI__smi-slave__Job-Allow-Failure__code_quality,Job-Allow-Failure,NULL,GitLab config: Failures in job 'code_quality' cannot fail the build,DROPPED FOR NOW,https://gitlab.com/lappis-unb/projects/SMI/smi-slave,https://gitlab.com/lappis-unb/projects/SMI/smi-slave/issues/48,,,,,,,,200205-181217,deleted,FALSE,0,0,0,NULL,NULL,NULL,-1,-1,-1,,
denkmal__denkmal-website__Job-Retry__deploy-production,Job-Retry,always,GitLab config: Job 'deploy-production' is retried in case of failures,DROPPED FOR NOW,https://gitlab.com/denkmal/denkmal-website,https://gitlab.com/denkmal/denkmal-website/issues/183,n,,,flaky-env,,,negative,200205-181333,closed,TRUE,0,1,2,NULL,reason:flakiness,NULL,4,3,17,,
jerrya__nextferry__Job-Retry__pages,Job-Retry,always,GitLab config: Job 'pages' is retried in case of failures,DROPPED FOR NOW,https://gitlab.com/jerrya/nextferry,https://gitlab.com/jerrya/nextferry/issues/1,,,,,,,,200205-181220,opened,FALSE,0,0,0,NULL,NULL,NULL,1,0,0,,
PPL2018csui__Kelas-A__Kel-1__Vulnerability__--api-key-0fef0dbf-10b4-431c-8111-68f6fa026bef,Vulnerability,NULL,GitLab config: Hard-coded credentials in '.gitlab-ci.yml',DROPPED FOR NOW,https://gitlab.com/PPL2018csui/Kelas-A/Kel-1,https://gitlab.com/PPL2018csui/Kelas-A/Kel-1/issues/53,,,,,,,,200205-181220,deleted,FALSE,0,0,0,NULL,NULL,NULL,-1,-1,-1,,
jkrooswyk__the-monolith__Job-Allow-Failure__stop_review,Job-Allow-Failure,NULL,GitLab config: Failures in job 'stop_review' cannot fail the build,DROPPED FOR NOW,https://gitlab.com/jkrooswyk/the-monolith,https://gitlab.com/jkrooswyk/the-monolith/issues/37,,,,,,,,200205-181221,opened,FALSE,0,1,1,NULL,NULL,NULL,7,0,0,,
smart-city-platform__resource-adaptor__Vulnerability__-POSTGRES_PASSWORD,Vulnerability,NULL,GitLab config: Hard-coded credentials in '.gitlab-ci.yml',DROPPED FOR NOW,https://gitlab.com/smart-city-platform/resource-adaptor,https://gitlab.com/smart-city-platform/resource-adaptor/issues/4,,,,,,,,200205-181222,opened,FALSE,0,0,0,NULL,NULL,NULL,7,0,0,,
linux-wiiu__debian-wiiu-repo__Manual-Job__make-pkgs,Manual-Job,NULL,GitLab config: Job 'make-pkgs' is manually triggered,DROPPED FOR NOW,https://gitlab.com/linux-wiiu/debian-wiiu-repo,https://gitlab.com/linux-wiiu/debian-wiiu-repo/issues/1,,,,,,,,200205-181223,closed,FALSE,0,1,1,NULL,NULL,NULL,2,0,0,,
remram44__taguette__Versioning__gitlabyaml__psycopg2__missing,Versioning,missing,GitLab config: '.gitlab-ci.yml' does not specify the exact version of all dependencies,DROPPED FOR NOW,https://gitlab.com/remram44/taguette,https://gitlab.com/remram44/taguette/issues/137,n,,pip-install,,,,,200205-181335,closed,FALSE,0,1,0,R-invalid,decision:reject,NULL,9,3,69,,
dennismaxjung__vscode-dotnet-auto-attach__Job-Allow-Failure__code_quality,Job-Allow-Failure,NULL,GitLab config: Failures in job 'code_quality' cannot fail the build,DROPPED FOR NOW,https://gitlab.com/dennismaxjung/vscode-dotnet-auto-attach,https://gitlab.com/dennismaxjung/vscode-dotnet-auto-attach/issues/23,,,,,,,,200205-181226,opened,TRUE,1,0,0,NULL,NULL,NULL,3,0,0,,
sbarthelemy__conan-public-recipes__Manual-Job__package-toolchain-ubuntu-16-04,Manual-Job,NULL,GitLab config: Job 'package-toolchain:ubuntu-16.04' is manually triggered,DROPPED FOR NOW,https://gitlab.com/sbarthelemy/conan-public-recipes,https://gitlab.com/sbarthelemy/conan-public-recipes/issues/1,n,,,no-trust,,,negative,200205-181341,closed,FALSE,0,0,2,NULL,NULL,NULL,8,2,7,,
stavros__Spamnesty__Versioning__gitlabyaml__pipenv__missing,Versioning,missing,GitLab config: '.gitlab-ci.yml' does not specify the exact version of all dependencies,DROPPED FOR NOW,https://gitlab.com/stavros/Spamnesty,https://gitlab.com/stavros/Spamnesty/issues/139,y,abdf18eaa266866818130c08991dc1720266c311,,tool-upgrade,undirect-fix,The problem was removed although no direct connection to our reporting,negative,200205-181342,closed,FALSE,0,1,3,NULL,decision:reject,NULL,4,1,1,"Migrate from Pipfile to Poetry
",2786181858
recalbox__recalbox__Manual-Job__build-odroidxu4-for-test,Manual-Job,NULL,GitLab config: Job 'build odroidxu4 for test' is manually triggered,DROPPED FOR NOW,https://gitlab.com/recalbox/recalbox,https://gitlab.com/recalbox/recalbox/issues/928,n,,,,,,,200205-181350,closed,FALSE,0,0,0,NULL,reaction:negative,NULL,108,11,152,,
javi31170__cicd-pipeline-train-schedule-dockerdeploy__Vulnerability__--docker-password-passwd,Vulnerability,NULL,GitLab config: Hard-coded credentials in '.gitlab-ci.yml',DROPPED FOR NOW,https://gitlab.com/javi31170/cicd-pipeline-train-schedule-dockerdeploy,https://gitlab.com/javi31170/cicd-pipeline-train-schedule-dockerdeploy/issues/1,,,,,,,,200205-181232,opened,FALSE,0,0,0,NULL,NULL,NULL,2,0,0,,
dalibo__postgresql_anonymizer__Vulnerability__-POSTGRES_PASSWORD,Vulnerability,NULL,GitLab config: Hard-coded credentials in '.gitlab-ci.yml',DROPPED FOR NOW,https://gitlab.com/dalibo/postgresql_anonymizer,https://gitlab.com/dalibo/postgresql_anonymizer/issues/76,,,,,,,,200205-181232,closed,TRUE,0,1,1,NULL,decision:pending,NULL,8,5,161,,
allianceauth__allianceauth__Versioning__gitlabyaml__virtualenv__missing,Versioning,missing,GitLab config: '.gitlab-ci.yml' does not specify the exact version of all dependencies,DROPPED FOR NOW,https://gitlab.com/allianceauth/allianceauth,https://gitlab.com/allianceauth/allianceauth/issues/1160,y,1d6ecffb3b1519b6bcdc50100de9f2ce50ffa70c,,,undirect-fix,The problem was removed although no direct connection to our reporting,invalid,200205-181358,closed,FALSE,0,1,1,NULL,decision:reject,NULL,48,7,49,"Re-enable automatic testing against all Python versions
",12733180848
remcohaszing__eslint-formatter-gitlab__Job-Allow-Failure__dependency-scanning,Job-Allow-Failure,NULL,GitLab config: Failures in job 'dependency scanning' cannot fail the build,DROPPED FOR NOW,https://gitlab.com/remcohaszing/eslint-formatter-gitlab,https://gitlab.com/remcohaszing/eslint-formatter-gitlab/issues/4,n,,,"let-it-run, dependency-scanning",,"""If dependency scanning would block a merge request, that means a newly reported dependency vulnerability would block all merge requests until the vulnerability has been resolved and merged back into every merge request.""",negative,200205-181400,closed,FALSE,0,1,2,NULL,decision:reject,NULL,2,1,2,,
zoomonit__greenpepper__Manual-Job__create_builder,Manual-Job,NULL,GitLab config: Job 'create_builder' is manually triggered,DROPPED FOR NOW,https://gitlab.com/zoomonit/greenpepper,https://gitlab.com/zoomonit/greenpepper/issues/142,,,,,,,,200205-181240,opened,FALSE,0,0,0,NULL,NULL,NULL,7,0,0,,
archbuild__packages__firefox-nightly__Job-Retry__package,Job-Retry,always,GitLab config: Job 'package' is retried in case of failures,DROPPED FOR NOW,https://gitlab.com/archbuild/packages/firefox-nightly,https://gitlab.com/archbuild/packages/firefox-nightly/issues/1,,,,,,,,200205-181241,deleted,FALSE,0,0,0,NULL,NULL,NULL,-1,-1,-1,,
PPL2017csui__PPLD3__Vulnerability__--api-key-0ed5e2a2-11f9-43d3-98ad-425ee0680012,Vulnerability,NULL,GitLab config: Hard-coded credentials in '.gitlab-ci.yml',DROPPED FOR NOW,https://gitlab.com/PPL2017csui/PPLD3,https://gitlab.com/PPL2017csui/PPLD3/issues/84,,,,,,,,200205-181242,opened,FALSE,0,0,0,NULL,NULL,NULL,7,0,0,,
rpdev__opentodolist__Manual-Job__macos,Manual-Job,NULL,GitLab config: Job 'macos' is manually triggered,DROPPED FOR NOW,https://gitlab.com/rpdev/opentodolist,https://gitlab.com/rpdev/opentodolist/issues/250,y,5767e8a77bb85ab79920fdd179815e50210c4e6d,,"use-in-paper, no-enough-hardware",,,not-now,200205-181411,closed,FALSE,0,0,3,NULL,use-in-paper,"Manual step is required, because macOS builds require special hardware, I assume the dev is using an external runner that is only available when his machine is on (and he only does that for releases).",6,3,131,"Always build for macOS now

As we now have a permanent macOS machine available (thanks to MacStadium
ðŸ§¡) we now can run the macOS build for every change we upload.
",4785730492
neonox31__podcast-server__Job-Retry__test-19,Job-Retry,always,GitLab config: Job 'test 19' is retried in case of failures,DROPPED FOR NOW,https://gitlab.com/neonox31/podcast-server,https://gitlab.com/neonox31/podcast-server/issues/1,,,,,,,,200205-181244,deleted,FALSE,0,0,0,NULL,NULL,NULL,-1,-1,-1,,
universe6__selfstudythai__Manual-Job__pages,Manual-Job,NULL,GitLab config: Job 'pages' is manually triggered,DROPPED FOR NOW,https://gitlab.com/universe6/selfstudythai,https://gitlab.com/universe6/selfstudythai/issues/46,,,,,,,,200205-181244,deleted,FALSE,0,0,0,NULL,NULL,NULL,-1,-1,-1,,
pgjones__quart-cors__Versioning__gitlabyaml__tox__missing,Versioning,missing,GitLab config: '.gitlab-ci.yml' does not specify the exact version of all dependencies,DROPPED FOR NOW,https://gitlab.com/pgjones/quart-cors,https://gitlab.com/pgjones/quart-cors/issues/7,,,,,,,,200205-181245,closed,FALSE,0,1,2,NULL,decision:reject,NULL,2,0,0,,
european-data-portal__licensing-assistant__Vulnerability__-token-0972c72ae5bc6a033ba8d7a316803c,Vulnerability,NULL,GitLab config: Hard-coded credentials in '.gitlab-ci.yml',DROPPED FOR NOW,https://gitlab.com/european-data-portal/licensing-assistant,https://gitlab.com/european-data-portal/licensing-assistant/issues/1,,,,,,,,200205-181246,opened,FALSE,0,0,0,NULL,NULL,NULL,4,0,0,,
formschema__native__Job-Allow-Failure__security-scan,Job-Allow-Failure,NULL,GitLab config: Failures in job 'security scan' cannot fail the build,DROPPED FOR NOW,https://gitlab.com/formschema/native,https://gitlab.com/formschema/native/issues/162,,,,,,,,200205-181247,opened,TRUE,1,0,0,NULL,reaction:positive,NULL,3,0,0,,
AyaCross__komodev-air-do__Vulnerability__--api-key-24911925-128a-4ff9-9f30-dbf280b10199,Vulnerability,NULL,GitLab config: Hard-coded credentials in '.gitlab-ci.yml',DROPPED FOR NOW,https://gitlab.com/AyaCross/komodev-air-do,https://gitlab.com/AyaCross/komodev-air-do/issues/1,,,,,,,,200205-181248,opened,FALSE,0,0,0,NULL,NULL,NULL,3,0,0,,
jlack__rdl__Job-Retry__build_and_test,Job-Retry,always,GitLab config: Job 'build_and_test' is retried in case of failures,DROPPED FOR NOW,https://gitlab.com/jlack/rdl,https://gitlab.com/jlack/rdl/issues/122,,,,,,,,200205-181249,closed,FALSE,1,0,0,NULL,decision:reject,NULL,2,0,0,,
randy408__libspng__Manual-Job__coverity,Manual-Job,NULL,GitLab config: Job 'coverity' is manually triggered,DROPPED FOR NOW,https://gitlab.com/randy408/libspng,https://gitlab.com/randy408/libspng/issues/45,y,8ee2df13e1320f8d6ab41e843ad165ef2faa911d,,use-in-paper,,,positive,200205-181413,closed,FALSE,1,0,2,NULL,decision:fix,NULL,4,3,74,"ci: make the coverity stage automatic
",169779979
picos-api__picos__Versioning__gitlabyaml__swiglpk__missing,Versioning,missing,GitLab config: '.gitlab-ci.yml' does not specify the exact version of all dependencies,DROPPED FOR NOW,https://gitlab.com/picos-api/picos,https://gitlab.com/picos-api/picos/issues/139,n,,pip-install,,,,,200205-181419,closed,FALSE,0,0,0,NULL,reaction:negative,NULL,21,1,4,,
francois-travais__1tipi2bicycles__Job-Retry__deploy-production,Job-Retry,always,GitLab config: Job 'deploy-production' is retried in case of failures,DROPPED FOR NOW,https://gitlab.com/francois.travais/1tipi2bicycles,https://gitlab.com/francois.travais/1tipi2bicycles/issues/80,,,,,,,,200205-181254,opened,FALSE,0,0,0,NULL,NULL,NULL,2,0,0,,
vaghtgir__telegram-cli-binary__Manual-Job__build,Manual-Job,NULL,GitLab config: Job 'build' is manually triggered,DROPPED FOR NOW,https://gitlab.com/vaghtgir/telegram-cli-binary,https://gitlab.com/vaghtgir/telegram-cli-binary/issues/1,,,,,,,,200205-181255,opened,FALSE,0,0,0,NULL,NULL,NULL,1,0,0,,
passit__passit-backend__Versioning__requirementstxt__freezegun__missing,Versioning,missing,GitLab config: 'requirements.txt' does not specify the exact version of all dependencies,DROPPED FOR NOW,https://gitlab.com/passit/passit-backend,https://gitlab.com/passit/passit-backend/issues/32,n,,,tool-upgrade,,,negative,200205-181421,closed,FALSE,0,0,2,NULL,reason:benefitoffutureupdates,NULL,11,1,9,,
mayan-edms__mayan-edms__Versioning__gitlabyaml__psycopg2__missing,Versioning,missing,GitLab config: '.gitlab-ci.yml' does not specify the exact version of all dependencies,DROPPED FOR NOW,https://gitlab.com/mayan-edms/mayan-edms,https://gitlab.com/mayan-edms/mayan-edms/issues/659,y,1252263f932fb4f1c9f6118a65754a0a8718c34d,,,,,positive,200205-181422,closed,TRUE,0,0,1,Accepted,decision:accept,NULL,28,11,726,"Add top level config.env file

Update the following elements to use the top level config
environment file:
- CI
- Makefile
- Docker makefile
- Documenation

Signed-off-by: Roberto Rosario <roberto.rosario@mayan-edms.com>
",6429672846
wallzero__jsplumb-react__Job-Retry__publish,Job-Retry,always,GitLab config: Job 'publish' is retried in case of failures,DROPPED FOR NOW,https://gitlab.com/wallzero/jsplumb-react,https://gitlab.com/wallzero/jsplumb-react/issues/3,,,,,,,,200205-181302,opened,FALSE,0,0,0,NULL,NULL,NULL,1,0,0,,
tensors__TuckerMPI__Vulnerability__CODECOV_TOKEN--e1c7849f-e69a-4c85-88e0-27926cd800bc-,Vulnerability,NULL,GitLab config: Hard-coded credentials in '.gitlab-ci.yml',DROPPED FOR NOW,https://gitlab.com/tensors/TuckerMPI,https://gitlab.com/tensors/TuckerMPI/issues/31,,,,,,,,200205-181303,opened,FALSE,0,0,0,NULL,NULL,NULL,4,0,0,,
wrobell__remt__Versioning__requirementstxt__asyncio-contextmanager__missing,Versioning,missing,GitLab config: 'requirements.txt' does not specify the exact version of all dependencies,DROPPED FOR NOW,https://gitlab.com/wrobell/remt,https://gitlab.com/wrobell/remt/issues/6,,,,,,,,200205-181304,closed,FALSE,0,0,6,NULL,reaction:negative,NULL,1,0,0,,
smallstack__infrastructure__gitlab-runner-cli__Manual-Job__execute,Manual-Job,NULL,GitLab config: Job 'execute' is manually triggered,DROPPED FOR NOW,https://gitlab.com/smallstack/infrastructure/gitlab-runner-cli,https://gitlab.com/smallstack/infrastructure/gitlab-runner-cli/issues/1,,,,,,,,200205-181305,deleted,FALSE,0,0,0,NULL,NULL,NULL,-1,-1,-1,,
tglman__persy__Job-Allow-Failure__coverage_report,Job-Allow-Failure,NULL,GitLab config: Failures in job 'coverage_report' cannot fail the build,DROPPED FOR NOW,https://gitlab.com/tglman/persy,https://gitlab.com/tglman/persy/issues/17,y,b1630941aa7eedc8b73a01f44d77e114e726d199,,flaky-tool,,"It was introduced here (https://gitlab.com/tglman/persy/commit/b9b656bffae9d0512f5d2d6af7750e2da0e527c4), then removed because of our issue reporting, then dded to another job ""upload_report"" (https://gitlab.com/tglman/persy/commit/43ddc10667df96cfe6efc3c1beeb3c3d251fe6d2)",positive,200205-181427,closed,FALSE,0,0,3,NULL,decision:fix,NULL,7,7,177,"removed allow failure from coverage ci steps
",790864771
gableroux__unity3d__Job-Retry__build-master-unity_2019_1_14f1,Job-Retry,always,GitLab config: Job 'build-master unity_2019_1_14f1' is retried in case of failures,DROPPED FOR NOW,https://gitlab.com/gableroux/unity3d,https://gitlab.com/gableroux/unity3d/issues/43,n,,,"flaky-tool, flaky-env, no-trust",,gitlab-ci does fail due to manipulating very large images. He also agreed on the fuzzy version thing,not-now,200205-181431,closed,FALSE,0,0,4,NULL,use-in-paper,"Built his own linter, asked to stay in touch (https://github.com/GabLeRoux/docker-gitlab-ci-lint)",20,9,177,,
IonicZoo__pigeon-restful-provider__Job-Retry__build,Job-Retry,always,GitLab config: Job 'build' is retried in case of failures,DROPPED FOR NOW,https://gitlab.com/IonicZoo/pigeon-restful-provider,https://gitlab.com/IonicZoo/pigeon-restful-provider/issues/1,,,,,,,,200205-181312,opened,FALSE,0,0,0,NULL,NULL,NULL,1,0,0,,
bagage__cadastre-conflation__Job-Retry__build_front,Job-Retry,always,GitLab config: Job 'build_front' is retried in case of failures,DROPPED FOR NOW,https://gitlab.com/bagage/cadastre-conflation,https://gitlab.com/bagage/cadastre-conflation/issues/53,,,,,,,,200205-181312,deleted,FALSE,1,0,1,NULL,decision:fix,NULL,-1,-1,-1,,
demsking__image-downloader__Job-Allow-Failure__security-scan,Job-Allow-Failure,NULL,GitLab config: Failures in job 'security scan' cannot fail the build,DROPPED FOR NOW,https://gitlab.com/demsking/image-downloader,https://gitlab.com/demsking/image-downloader/issues/23,,,,,,,,200205-181313,opened,TRUE,0,0,0,NULL,decision:pending,NULL,8,0,0,,
sgrignard__serpyco__Versioning__requirementstxt__black__missing,Versioning,missing,GitLab config: 'requirements.txt' does not specify the exact version of all dependencies,DROPPED FOR NOW,https://gitlab.com/sgrignard/serpyco,https://gitlab.com/sgrignard/serpyco/issues/31,y,292059582554ba09e668124c6b3340c364be111e,,,,,,200205-181432,closed,FALSE,1,0,0,NULL,NULL,NULL,2,1,11,"chore: 0.18.0 version
",4783396294
terrasubmersa__terra-submersa-portal__Job-Retry__frontend_test_unit,Job-Retry,always,GitLab config: Job 'frontend_test_unit' is retried in case of failures,DROPPED FOR NOW,https://gitlab.com/terrasubmersa/terra-submersa-portal,https://gitlab.com/terrasubmersa/terra-submersa-portal/issues/26,,,,,,,,200205-181315,opened,FALSE,0,0,0,NULL,NULL,NULL,3,0,0,,
pipeline-patterns__django-cloudfoundry__Manual-Job__trigger_without_sample,Manual-Job,NULL,GitLab config: Job 'trigger_without_sample' is manually triggered,DROPPED FOR NOW,https://gitlab.com/pipeline-patterns/django-cloudfoundry,https://gitlab.com/pipeline-patterns/django-cloudfoundry/issues/1,,,,,,,,200205-181316,opened,FALSE,0,0,0,NULL,NULL,NULL,1,0,0,,
Radiophonix__Radiophonix__Job-Allow-Failure__pages,Job-Allow-Failure,NULL,GitLab config: Failures in job 'pages' cannot fail the build,DROPPED FOR NOW,https://gitlab.com/Radiophonix/Radiophonix,https://gitlab.com/Radiophonix/Radiophonix/issues/228,,,,,,,,200205-181317,deleted,FALSE,0,0,0,NULL,reaction:negative,NULL,-1,-1,-1,,
OpenMW__openmw__Job-Allow-Failure__MacOS,Job-Allow-Failure,NULL,GitLab config: Failures in job 'MacOS' cannot fail the build,DROPPED FOR NOW,https://gitlab.com/OpenMW/openmw,https://gitlab.com/OpenMW/openmw/issues/5135,n,,,"no-enough-hardware, temporary-smell, no-trust",,No macos and windows runners available,not-now,200205-181433,closed,FALSE,0,0,2,NULL,reaction:negative,NULL,84,24,530,,
mike-koch__Mods-for-HESK__Manual-Job__package,Manual-Job,NULL,GitLab config: Job 'package' is manually triggered,DROPPED FOR NOW,https://gitlab.com/mike-koch/Mods-for-HESK,https://gitlab.com/mike-koch/Mods-for-HESK/issues/679,n,,deploy-phase,,,,,200205-181443,closed,FALSE,0,1,0,NULL,reaction:negative,NULL,14,2,10,,
xonotic__xonstat__Versioning__requirementstxt__psycopg2__missing,Versioning,missing,GitLab config: 'requirements.txt' does not specify the exact version of all dependencies,DROPPED FOR NOW,https://gitlab.com/xonotic/xonstat,https://gitlab.com/xonotic/xonstat/issues/181,n,,,,,,,200205-180822,opened,FALSE,0,0,0,NULL,NULL,NULL,12,2,12,,
susurrus__fat-rs__Job-Allow-Failure__x86_64-unknown-linux-gnux32,Job-Allow-Failure,NULL,GitLab config: Failures in job 'x86_64-unknown-linux-gnux32' cannot fail the build,DROPPED FOR NOW,https://gitlab.com/susurrus/fat-rs,https://gitlab.com/susurrus/fat-rs/issues/17,,,,,,,,200205-181329,opened,FALSE,0,0,0,NULL,NULL,NULL,3,0,0,,
alelec__navdy__NavdyOBD__Vulnerability__--storePassword-alelec,Vulnerability,NULL,GitLab config: Hard-coded credentials in '.gitlab-ci.yml',DROPPED FOR NOW,https://gitlab.com/alelec/navdy/NavdyOBD,https://gitlab.com/alelec/navdy/NavdyOBD/issues/1,,,,,,,,200205-181329,deleted,FALSE,1,0,4,NULL,decision:reject,NULL,-1,-1,-1,,
gitlab-org__sidekiq-reliable-fetch__Job-Allow-Failure__integration_basic,Job-Allow-Failure,NULL,GitLab config: Failures in job 'integration_basic' cannot fail the build,DROPPED FOR NOW,https://gitlab.com/gitlab-org/sidekiq-reliable-fetch,https://gitlab.com/gitlab-org/sidekiq-reliable-fetch/issues/20,n,,,,,several labels were assigned/removed,,200205-180825,opened,FALSE,0,0,0,NULL,NULL,NULL,5,2,5,,
vstconsulting__polemarch-ansible__Job-Retry__py27-coverage-ansible25,Job-Retry,always,GitLab config: Job 'py27-coverage-ansible25' is retried in case of failures,DROPPED FOR NOW,https://gitlab.com/vstconsulting/polemarch-ansible,https://gitlab.com/vstconsulting/polemarch-ansible/issues/1,n,,,,,,,200205-180829,opened,FALSE,0,0,0,NULL,NULL,NULL,2,1,4,,
hb9fxx__qrsspig__Job-Allow-Failure__report-cppcheck,Job-Allow-Failure,NULL,GitLab config: Failures in job 'report:cppcheck' cannot fail the build,DROPPED FOR NOW,https://gitlab.com/hb9fxx/qrsspig,https://gitlab.com/hb9fxx/qrsspig/issues/115,n,,,"optional-job, code-quality, no-time",,cppcheck warnings are not important enough for you to fail your buil,not-now,200205-180837,opened,FALSE,1,0,2,NULL,decision:pending,NULL,7,3,35,,
rolla__xpncms__Job-Allow-Failure__composer,Job-Allow-Failure,NULL,GitLab config: Failures in job 'composer' cannot fail the build,DROPPED FOR NOW,https://gitlab.com/rolla/xpncms,https://gitlab.com/rolla/xpncms/issues/252,n,,,,,,,200205-180844,opened,FALSE,0,0,0,NULL,NULL,NULL,4,2,7,,
bor-sh__git-gitlab__Versioning__gitlabyaml__mock__missing,Versioning,missing,GitLab config: '.gitlab-ci.yml' does not specify the exact version of all dependencies,DROPPED FOR NOW,https://gitlab.com/bor-sh/git-gitlab,https://gitlab.com/bor-sh/git-gitlab/issues/8,,,,,,,,200205-181336,opened,FALSE,0,0,0,NULL,NULL,NULL,5,0,0,,
kirara__reborn-modpack__Manual-Job__build_modpacks,Manual-Job,NULL,GitLab config: Job 'build_modpacks' is manually triggered,DROPPED FOR NOW,https://gitlab.com/kirara/reborn-modpack,https://gitlab.com/kirara/reborn-modpack/issues/1,,,,,,,,200205-181337,opened,FALSE,0,0,0,NULL,NULL,NULL,4,0,0,,
fg-radi__osm2city__Versioning__requirementstxt__descartes__missing,Versioning,missing,GitLab config: 'requirements.txt' does not specify the exact version of all dependencies,DROPPED FOR NOW,https://gitlab.com/fg-radi/osm2city,https://gitlab.com/fg-radi/osm2city/issues/128,,,,,,,,200205-181338,deleted,FALSE,0,0,0,NULL,NULL,NULL,-1,-1,-1,,
petelawler__LiBrew__Versioning__requirementstxt__Adafruit-BBIO__missing,Versioning,missing,GitLab config: 'requirements.txt' does not specify the exact version of all dependencies,DROPPED FOR NOW,https://gitlab.com/petelawler/LiBrew,https://gitlab.com/petelawler/LiBrew/issues/61,n,,,,,,,200205-180854,opened,FALSE,0,0,0,NULL,NULL,NULL,9,1,5,,
nerdocs__gdaps__Versioning__requirementstxt__django__any-upper-version,Versioning,any-upper-version,GitLab config: 'requirements.txt' does not specify the exact version of all dependencies,DROPPED FOR NOW,https://gitlab.com/nerdocs/gdaps,https://gitlab.com/nerdocs/gdaps/issues/7,n,,,,,he doesn't seem conviced enough but we did not follow up the discussion,not-now,200205-180856,opened,FALSE,0,0,1,NULL,unknown,NULL,1,1,341,,
cnpsaintmartin__arpa-network__Job-Allow-Failure__lint,Job-Allow-Failure,NULL,GitLab config: Failures in job 'lint' cannot fail the build,DROPPED FOR NOW,https://gitlab.com/cnpsaintmartin/arpa-network,https://gitlab.com/cnpsaintmartin/arpa-network/issues/80,n,,,,,,,200205-180900,opened,FALSE,0,0,0,NULL,NULL,NULL,4,2,17,,
gitlab-com__www-gitlab-com__Manual-Job__check_links,Manual-Job,NULL,GitLab config: Job 'check_links' is manually triggered,DROPPED FOR NOW,https://gitlab.com/gitlab-com/www-gitlab-com,https://gitlab.com/gitlab-com/www-gitlab-com/issues/5060,n,,,no-time,,they seem to ignore several of these technical issues. Our friend is here,,200205-180911,opened,FALSE,0,0,0,NULL,NULL,NULL,369,1235,32509,,
tezos__tezos__Job-Retry__integration-sandboxes-voting,Job-Retry,always,GitLab config: Job 'integration:sandboxes:voting' is retried in case of failures,DROPPED FOR NOW,https://gitlab.com/tezos/tezos,https://gitlab.com/tezos/tezos/issues/564,n,,,,,,,200205-181126,opened,FALSE,0,0,0,NULL,NULL,NULL,97,49,570,,
digested__node-digest__Job-Retry__firefox,Job-Retry,always,GitLab config: Job 'firefox' is retried in case of failures,DROPPED FOR NOW,https://gitlab.com/digested/node-digest,https://gitlab.com/digested/node-digest/issues/6,n,,"skipped-job, wrong-jobname",,,,,200205-181146,opened,FALSE,0,0,0,NULL,NULL,NULL,3,2,11,,
dosuken123__thin-gdk__Job-Retry__monolith-build,Job-Retry,always,GitLab config: Job 'monolith-build' is retried in case of failures,DROPPED FOR NOW,https://gitlab.com/dosuken123/thin-gdk,https://gitlab.com/dosuken123/thin-gdk/issues/32,y,624c77081bda54c9ebd1a55caebff95042f346be,,job-removed,,"problems were commented out. However, some retries persist",,200205-181147,opened,FALSE,0,0,0,NULL,NULL,NULL,2,2,42,"Support pages/runner/jaegar
",5769410026
exosphere__exosphere__Job-Allow-Failure__dependency_scanning,Job-Allow-Failure,NULL,GitLab config: Failures in job 'dependency_scanning' cannot fail the build,DROPPED FOR NOW,https://gitlab.com/exosphere/exosphere,https://gitlab.com/exosphere/exosphere/issues/253,n,,dependency-scanning,,,,,200205-181156,opened,FALSE,0,0,0,NULL,NULL,NULL,9,5,153,,
BuildGrid__buildgrid__Versioning__requirementstxt__janus__missing,Versioning,missing,GitLab config: 'requirements.txt' does not specify the exact version of all dependencies,DROPPED FOR NOW,https://gitlab.com/BuildGrid/buildgrid,https://gitlab.com/BuildGrid/buildgrid/issues/197,y,8ae5928763c35c3d8fd50266e873584668fb1e5b,,,,,,200205-181217,opened,FALSE,0,0,0,NULL,NULL,NULL,27,16,159,"Freeze all requirements to the latest, compatible versions.
",14395242213
rootcaid__pki-websdk-build__Vulnerability__-token-30dc778384e638b43e0f105cda758d,Vulnerability,NULL,GitLab config: Hard-coded credentials in '.gitlab-ci.yml',DROPPED FOR NOW,https://gitlab.com/rootcaid/pki-websdk-build,https://gitlab.com/rootcaid/pki-websdk-build/issues/2,,,,,,,,200205-181410,opened,FALSE,0,0,0,NULL,unknown,NULL,5,0,0,,
flectra-hq__build-tools__Versioning__requirementstxt__coveralls__missing,Versioning,missing,GitLab config: 'requirements.txt' does not specify the exact version of all dependencies,DROPPED FOR NOW,https://gitlab.com/flectra-hq/build-tools,https://gitlab.com/flectra-hq/build-tools/issues/1,n,,,,,,positive,200205-181227,opened,FALSE,0,0,4,NULL,decision:pending,NULL,3,1,1,,
cppit__jucipp__Manual-Job__Clean-appveyor-cache,Manual-Job,NULL,GitLab config: Job 'Clean appveyor cache' is manually triggered,DROPPED FOR NOW,https://gitlab.com/cppit/jucipp,https://gitlab.com/cppit/jucipp/issues/413,n,,,"optional-job, temporary-smell, agreement",,"They want to make the execution conditional, based on another job",not-now,200205-181234,opened,FALSE,0,0,3,NULL,decision:pending,NULL,39,1,43,,
cordite__cordite__Job-Retry__test-nms,Job-Retry,always,GitLab config: Job 'test:nms' is retried in case of failures,DROPPED FOR NOW,https://gitlab.com/cordite/cordite,https://gitlab.com/cordite/cordite/issues/690,n,,,,,,,200205-181238,opened,FALSE,0,0,0,NULL,NULL,NULL,30,6,43,,
webmaicon__sorterica__Manual-Job__gera_numero,Manual-Job,NULL,GitLab config: Job 'gera_numero' is manually triggered,DROPPED FOR NOW,https://gitlab.com/webmaicon/sorterica,https://gitlab.com/webmaicon/sorterica/issues/1,n,,,,,,,200205-181243,opened,FALSE,0,0,0,NULL,NULL,NULL,3,1,1,,
RJain12__rishab-jain__Vulnerability__--api-key-9ebbcf81-4594-46e5-9736-2cfe165465ee,Vulnerability,NULL,GitLab config: Hard-coded credentials in '.gitlab-ci.yml',DROPPED FOR NOW,https://gitlab.com/RJain12/rishab-jain,https://gitlab.com/RJain12/rishab-jain/issues/1,,,,,,,,200205-181418,opened,FALSE,0,0,0,NULL,NULL,NULL,1,0,0,,
Commit451__LabCoat__Job-Allow-Failure__pages,Job-Allow-Failure,NULL,GitLab config: Failures in job 'pages' cannot fail the build,DROPPED FOR NOW,https://gitlab.com/Commit451/LabCoat,https://gitlab.com/Commit451/LabCoat/issues/434,n,,,,,,,200205-181309,opened,FALSE,0,0,0,NULL,NULL,NULL,27,2,26,,
backstage-technical-services__laravel-site__Job-Allow-Failure__dependency_scanning,Job-Allow-Failure,NULL,GitLab config: Failures in job 'dependency_scanning' cannot fail the build,DROPPED FOR NOW,https://gitlab.com/backstage-technical-services/laravel-site,https://gitlab.com/backstage-technical-services/laravel-site/issues/113,,,,,,,,200205-181421,deleted,FALSE,0,0,0,NULL,reaction:negative,NULL,-1,-1,-1,,
gnukhata__gkcore__Versioning__requirementstxt__sqlalchemy__missing,Versioning,missing,GitLab config: 'requirements.txt' does not specify the exact version of all dependencies,DROPPED FOR NOW,https://gitlab.com/gnukhata/gkcore,https://gitlab.com/gnukhata/gkcore/issues/509,n,,,,,,,200205-181318,opened,FALSE,0,0,0,NULL,NULL,NULL,36,12,179,,
aceteam-kaist__ACE-Molecule__Job-Allow-Failure__run-cpplint,Job-Allow-Failure,NULL,GitLab config: Failures in job 'run-cpplint' cannot fail the build,DROPPED FOR NOW,https://gitlab.com/aceteam.kaist/ACE-Molecule,https://gitlab.com/aceteam.kaist/ACE-Molecule/issues/108,n,,code-quality,,,,,200205-181338,opened,FALSE,0,0,0,NULL,NULL,NULL,25,2,2,,
juergen-kosel-jk__wireshark__Job-Retry__clang-6,Job-Retry,always,GitLab config: Job 'clang-6' is retried in case of failures,DROPPED FOR NOW,https://gitlab.com/juergen.kosel.jk/wireshark,https://gitlab.com/juergen.kosel.jk/wireshark/issues/3,n,,,,,The guys said that is not the maintainer and we should post on a different bug/issue report system,invalid,200205-181343,opened,FALSE,0,0,1,NULL,NULL,NULL,193,131,1003,,
mailman__postorius__Job-Allow-Failure__git-heads,Job-Allow-Failure,NULL,GitLab config: Failures in job 'git-heads' cannot fail the build,DROPPED FOR NOW,https://gitlab.com/mailman/postorius,https://gitlab.com/mailman/postorius/issues/380,n,,,,,,,200205-181354,opened,FALSE,0,0,0,NULL,NULL,NULL,113,44,148,,
gis23__search_engine__Manual-Job__build_GCR,Manual-Job,NULL,GitLab config: Job 'build_GCR' is manually triggered,DROPPED FOR NOW,https://gitlab.com/gis23/search_engine,https://gitlab.com/gis23/search_engine/issues/1,,,,,,,,200205-181430,opened,FALSE,0,0,0,NULL,NULL,NULL,1,0,0,,
luichan__official-wireshark__Job-Retry__clang-6,Job-Retry (duplicate),always,GitLab config: Job 'clang-6' is retried in case of failures,DROPPED FOR NOW,https://gitlab.com/luichan/official-wireshark,https://gitlab.com/luichan/official-wireshark/issues/1,n,,,duplicate-issue,,Duplicate (https://gitlab.com/juergen.kosel.jk/wireshark/issues/3),,200205-181401,opened,FALSE,0,0,0,NULL,NULL,NULL,193,140,1156,,
districted__web-client__Job-Retry__deploy-staging,Job-Retry,always,GitLab config: Job 'deploy-staging' is retried in case of failures,DROPPED FOR NOW,https://gitlab.com/districted/web-client,https://gitlab.com/districted/web-client/issues/1,n,,deploy-phase,,,,,200205-181414,opened,FALSE,0,0,0,NULL,NULL,NULL,4,2,4,,
pantomath-io__panto__Job-Retry__docker_tag_stable,Job-Retry,always,GitLab config: Job 'docker_tag_stable' is retried in case of failures,DROPPED FOR NOW,https://gitlab.com/pantomath-io/panto,https://gitlab.com/pantomath-io/panto/issues/511,n,,deploy-phase,,,,,200205-181415,opened,FALSE,0,0,0,NULL,NULL,NULL,5,2,25,,
signal9__cpp-env__Manual-Job__build,Manual-Job,NULL,GitLab config: Job 'build' is manually triggered,DROPPED FOR NOW,https://gitlab.com/signal9/cpp-env,https://gitlab.com/signal9/cpp-env/issues/1,n,,,,,,,200205-181429,opened,FALSE,0,0,0,NULL,NULL,NULL,1,2,12,,
lu-ci__sigma__apex-sigma__Versioning__requirementstxt__aiml__missing,Versioning,missing,GitLab config: 'requirements.txt' does not specify the exact version of all dependencies,DROPPED FOR NOW,https://gitlab.com/lu-ci/sigma/apex-sigma,https://gitlab.com/lu-ci/sigma/apex-sigma/issues/334,,,,,,,,200205-181440,deleted,FALSE,0,0,0,NULL,NULL,NULL,-1,-1,-1,,
mataara__Mataara-Server__Job-Allow-Failure__python_lint,Job-Allow-Failure,NULL,GitLab config: Failures in job 'python_lint' cannot fail the build,DROPPED FOR NOW,https://gitlab.com/mataara/Mataara-Server,https://gitlab.com/mataara/Mataara-Server/issues/20,n,,code-quality,,,"Fun fact: he disabled the allow failure for other quality checks, javascript lint (https://gitlab.com/mataara/Mataara-Server/commit/c71c775f49774ccd44a2277e258d4c0a562c81ff)",,200205-181438,opened,FALSE,0,0,0,NULL,NULL,NULL,20,4,44,,
noosfero__noosfero__Job-Retry__selenium-4,Job-Retry,always,GitLab config: Job 'selenium-4' is retried in case of failures,DROPPED FOR NOW,https://gitlab.com/noosfero/noosfero,https://gitlab.com/noosfero/noosfero/issues/396,n,,,,,,,200205-181441,opened,FALSE,0,0,0,NULL,unknown,NULL,61,8,45,,
detached:https://gitlab.com/mrvik/jdrive/issues/35,NULL,NULL,NULL,NULL,https://gitlab.com/mrvik/jdrive,https://gitlab.com/mrvik/jdrive/issues/35,,,,,,,,200205-181446,closed,FALSE,0,0,0,NULL,detached,NULL,1,0,0,,
detached:https://gitlab.com/offa/docker-images/issues/68,NULL,NULL,NULL,NULL,https://gitlab.com/offa/docker-images,https://gitlab.com/offa/docker-images/issues/68,,,,,,,,200205-181447,closed,TRUE,1,0,6,enhancement,detached,NULL,1,1,16,,
detached:https://gitlab.com/perobertson/requisition/issues/23,NULL,NULL,NULL,NULL,https://gitlab.com/perobertson/requisition,https://gitlab.com/perobertson/requisition/issues/23,,,,,,,,200205-181448,closed,TRUE,1,0,3,NULL,detached,NULL,5,2,54,,
detached:https://gitlab.com/vstconsulting/polemarch/issues/88,NULL,NULL,NULL,NULL,https://gitlab.com/vstconsulting/polemarch,https://gitlab.com/vstconsulting/polemarch/issues/88,,,,,,,,200205-181450,closed,FALSE,0,0,4,NULL,detached,NULL,10,5,97,,
detached:https://gitlab.com/vuedoc/md/issues/29,NULL,NULL,NULL,NULL,https://gitlab.com/vuedoc/md,https://gitlab.com/vuedoc/md/issues/29,,,,,,,,200205-181452,opened,TRUE,1,0,0,NULL,detached,NULL,8,0,0,,
detached:https://gitlab.com/ydkn/capistrano-git-copy-bundle/issues/3,NULL,NULL,NULL,NULL,https://gitlab.com/ydkn/capistrano-git-copy-bundle,https://gitlab.com/ydkn/capistrano-git-copy-bundle/issues/3,,,,,,,,200205-181453,closed,FALSE,1,0,1,NULL,detached,NULL,1,1,3,,
detached:https://gitlab.com/zcash-docs/zcash-docs/issues/48,NULL,NULL,NULL,NULL,https://gitlab.com/zcash-docs/zcash-docs,https://gitlab.com/zcash-docs/zcash-docs/issues/48,,,,,,,,200205-181454,closed,FALSE,0,1,3,NULL,detached,NULL,16,3,27,,
detached:https://gitlab.com/wallzero/jsplumb-react/issues/2,NULL,NULL,NULL,NULL,https://gitlab.com/wallzero/jsplumb-react,https://gitlab.com/wallzero/jsplumb-react/issues/2,,,,,,,,200205-181455,opened,FALSE,0,0,0,NULL,detached,NULL,1,0,0,,
detached:https://gitlab.com/susurrus/gattii/issues/28,NULL,NULL,NULL,NULL,https://gitlab.com/susurrus/gattii,https://gitlab.com/susurrus/gattii/issues/28,,,,,,,,200205-181456,opened,FALSE,0,0,0,NULL,detached,NULL,2,0,0,,
detached:https://gitlab.com/pgjones/hypercorn/issues/85,NULL,NULL,NULL,NULL,https://gitlab.com/pgjones/hypercorn,https://gitlab.com/pgjones/hypercorn/issues/85,,,,,,,,200205-181457,closed,FALSE,0,1,2,NULL,detached,NULL,19,4,62,,
detached:https://gitlab.com/pgjones/quart/issues/258,NULL,NULL,NULL,NULL,https://gitlab.com/pgjones/quart,https://gitlab.com/pgjones/quart/issues/258,,,,,,,,200205-181459,closed,FALSE,0,1,2,NULL,detached,NULL,45,9,76,,
detached:https://gitlab.com/coala/cib/issues/66,NULL,NULL,NULL,NULL,https://gitlab.com/coala/cib,https://gitlab.com/coala/cib/issues/66,,,,,,,,200205-181500,opened,FALSE,0,0,0,NULL,detached,NULL,7,0,0,,
detached:https://gitlab.com/PPL2017csui/PPLA3/issues/21,NULL,NULL,NULL,NULL,https://gitlab.com/PPL2017csui/PPLA3,https://gitlab.com/PPL2017csui/PPLA3/issues/21,,,,,,,,200205-181501,opened,FALSE,0,0,0,NULL,detached,NULL,8,0,0,,
detached:https://gitlab.com/OsloMet-ABI/nikita-noark5-core/issues/130,NULL,NULL,NULL,NULL,https://gitlab.com/OsloMet-ABI/nikita-noark5-core,https://gitlab.com/OsloMet-ABI/nikita-noark5-core/issues/130,,,,,,,,200205-181502,closed,FALSE,0,0,0,NULL,detached,NULL,8,4,614,,
detached:https://gitlab.com/PPL2018csui/Kelas-D/PPL2018-D6/issues/15,NULL,NULL,NULL,NULL,https://gitlab.com/PPL2018csui/Kelas-D/PPL2018-D6,https://gitlab.com/PPL2018csui/Kelas-D/PPL2018-D6/issues/15,,,,,,,,200205-181507,deleted,FALSE,0,0,0,NULL,detached,NULL,-1,-1,-1,,
detached:https://gitlab.com/PPL2017csui/PPLB4/issues/70,NULL,NULL,NULL,NULL,https://gitlab.com/PPL2017csui/PPLB4,https://gitlab.com/PPL2017csui/PPLB4/issues/70,,,,,,,,200205-181507,opened,FALSE,0,0,0,NULL,detached,NULL,5,0,0,,
detached:https://gitlab.com/PPL2017csui/PPLB5/issues/53,NULL,NULL,NULL,NULL,https://gitlab.com/PPL2017csui/PPLB5,https://gitlab.com/PPL2017csui/PPLB5/issues/53,,,,,,,,200205-181508,opened,FALSE,0,0,0,NULL,detached,NULL,7,0,0,,
detached:https://gitlab.com/PPL2017csui/PPLB3/issues/56,NULL,NULL,NULL,NULL,https://gitlab.com/PPL2017csui/PPLB3,https://gitlab.com/PPL2017csui/PPLB3/issues/56,,,,,,,,200205-181509,opened,FALSE,0,0,0,NULL,detached,NULL,6,0,0,,
detached:https://gitlab.com/PPL2017csui/PPLA4/issues/7,NULL,NULL,NULL,NULL,https://gitlab.com/PPL2017csui/PPLA4,https://gitlab.com/PPL2017csui/PPLA4/issues/7,,,,,,,,200205-181510,opened,FALSE,0,0,0,NULL,detached,NULL,6,0,0,,
detached:https://gitlab.com/Flockademic/whereisscihub/issues/7,NULL,NULL,NULL,NULL,https://gitlab.com/Flockademic/whereisscihub,https://gitlab.com/Flockademic/whereisscihub/issues/7,,,,,,,,200205-181511,closed,FALSE,0,2,4,NULL,detached,NULL,17,1,1,,
detached:https://gitlab.com/aelita/docker-docker-compose/issues/1,NULL,NULL,NULL,NULL,https://gitlab.com/aelita/docker-docker-compose,https://gitlab.com/aelita/docker-docker-compose/issues/1,,,,,,,,200205-181512,opened,FALSE,0,0,0,NULL,detached,NULL,1,0,0,,
detached:https://gitlab.com/backstage-technical-services/laravel-site/issues/111,NULL,NULL,NULL,NULL,https://gitlab.com/backstage-technical-services/laravel-site,https://gitlab.com/backstage-technical-services/laravel-site/issues/111,,,,,,,,200205-181513,deleted,FALSE,0,0,0,NULL,detached,NULL,-1,-1,-1,,
detached:https://gitlab.com/coala/landing/issues/98,NULL,NULL,NULL,NULL,https://gitlab.com/coala/landing,https://gitlab.com/coala/landing/issues/98,,,,,,,,200205-181513,opened,FALSE,0,0,0,NULL,detached,NULL,7,0,0,,
detached:https://gitlab.com/coala/mobans/issues/123,NULL,NULL,NULL,NULL,https://gitlab.com/coala/mobans,https://gitlab.com/coala/mobans/issues/123,,,,,,,,200205-181514,opened,FALSE,1,0,2,NULL,detached,NULL,24,3,5,,
detached:https://gitlab.com/coala/coala-utils/issues/86,NULL,NULL,NULL,NULL,https://gitlab.com/coala/coala-utils,https://gitlab.com/coala/coala-utils/issues/86,,,,,,,,200205-181515,opened,FALSE,0,0,0,NULL,detached,NULL,36,2,3,,
detached:https://gitlab.com/caspermeijn/onvifviewer/issues/46,NULL,NULL,NULL,NULL,https://gitlab.com/caspermeijn/onvifviewer,https://gitlab.com/caspermeijn/onvifviewer/issues/46,,,,,,,,200205-181516,closed,FALSE,0,1,4,NULL,detached,"The authors changed the actual warning, which is caused by an old template that he used as an example. He now imports the official SAST template, which still includes allow:failure, so we do not count it as a fix. ",10,6,39,,
detached:https://gitlab.com/cloudigrade/cloudigrade/issues/610,NULL,NULL,NULL,NULL,https://gitlab.com/cloudigrade/cloudigrade,https://gitlab.com/cloudigrade/cloudigrade/issues/610,,,,,,,,200205-181518,opened,FALSE,0,0,0,NULL,detached,NULL,24,4,26,,
detached:https://gitlab.com/cloudigrade/frontigrade/issues/100,NULL,NULL,NULL,NULL,https://gitlab.com/cloudigrade/frontigrade,https://gitlab.com/cloudigrade/frontigrade/issues/100,,,,,,,,200205-181520,closed,FALSE,0,0,1,NULL,detached,NULL,13,0,0,,
detached:https://gitlab.com/coala/bears/coala-antlr/issues/27,NULL,NULL,NULL,NULL,https://gitlab.com/coala/bears/coala-antlr,https://gitlab.com/coala/bears/coala-antlr/issues/27,,,,,,,,200205-181520,deleted,FALSE,0,0,0,NULL,detached,NULL,-1,-1,-1,,
detached:https://gitlab.com/deltares/rtc-tools-channel-flow/issues/1013,NULL,NULL,NULL,NULL,https://gitlab.com/deltares/rtc-tools-channel-flow,https://gitlab.com/deltares/rtc-tools-channel-flow/issues/1013,,,,,,,,200205-181521,closed,FALSE,0,0,0,NULL,detached,NULL,12,1,1,,
detached:https://gitlab.com/districted/auth-server/issues/1,NULL,NULL,NULL,NULL,https://gitlab.com/districted/auth-server,https://gitlab.com/districted/auth-server/issues/1,,,,,,,,200205-181522,opened,FALSE,0,0,0,NULL,detached,NULL,4,1,6,,
detached:https://gitlab.com/elad.noor/equilibrator-cache/issues/22,NULL,NULL,NULL,NULL,https://gitlab.com/elad.noor/equilibrator-cache,https://gitlab.com/elad.noor/equilibrator-cache/issues/22,,,,,,,,200205-181523,deleted,FALSE,0,0,0,NULL,detached,NULL,-1,-1,-1,,
detached:https://gitlab.com/european-data-portal/sparql-manager/issues/3,NULL,NULL,NULL,NULL,https://gitlab.com/european-data-portal/sparql-manager,https://gitlab.com/european-data-portal/sparql-manager/issues/3,,,,,,,,200205-181523,opened,FALSE,0,0,0,NULL,detached,NULL,13,0,0,,
detached:https://gitlab.com/eyeo/adblockplus/adblockpluschrome/issues/59,NULL,NULL,NULL,NULL,https://gitlab.com/eyeo/adblockplus/adblockpluschrome,https://gitlab.com/eyeo/adblockplus/adblockpluschrome/issues/59,,,,,,,,200205-181525,deleted,FALSE,0,1,0,rejected,detached,NULL,-1,-1,-1,,
detached:https://gitlab.com/gnaar/edge/issues/1,NULL,NULL,NULL,NULL,https://gitlab.com/gnaar/edge,https://gitlab.com/gnaar/edge/issues/1,,,,,,,,200205-181525,opened,FALSE,0,0,0,NULL,detached,NULL,1,0,0,,
detached:https://gitlab.com/gnaar/gear/issues/1,NULL,NULL,NULL,NULL,https://gitlab.com/gnaar/gear,https://gitlab.com/gnaar/gear/issues/1,,,,,,,,200205-181526,opened,FALSE,0,0,0,NULL,detached,NULL,2,0,0,,
detached:https://gitlab.com/gnaar/off-piste/issues/1,NULL,NULL,NULL,NULL,https://gitlab.com/gnaar/off-piste,https://gitlab.com/gnaar/off-piste/issues/1,,,,,,,,200205-181527,opened,FALSE,0,0,0,NULL,detached,NULL,1,0,0,,
detached:https://gitlab.com/gnaar/powder/issues/1,NULL,NULL,NULL,NULL,https://gitlab.com/gnaar/powder,https://gitlab.com/gnaar/powder/issues/1,,,,,,,,200205-181527,opened,FALSE,0,0,0,NULL,detached,NULL,3,0,0,,
detached:https://gitlab.com/kb/base/issues/1,NULL,NULL,NULL,NULL,https://gitlab.com/kb/base,https://gitlab.com/kb/base/issues/1,,,,,,,,200205-181528,closed,FALSE,0,1,2,NULL,detached,NULL,7,3,13,,
detached:https://gitlab.com/inkscape/inkscape/issues/386,NULL,NULL,NULL,NULL,https://gitlab.com/inkscape/inkscape,https://gitlab.com/inkscape/inkscape/issues/386,,,,,,,,200205-181530,closed,FALSE,0,2,1,NULL,detached,NULL,114,70,851,,
detached:https://gitlab.com/drizzt/vps2arch/issues/66,NULL,NULL,NULL,NULL,https://gitlab.com/drizzt/vps2arch,https://gitlab.com/drizzt/vps2arch/issues/66,,,,,,,,200205-181537,opened,FALSE,0,0,0,NULL,detached,NULL,6,2,4,,
detached:https://gitlab.com/kb/checkout/issues/1,NULL,NULL,NULL,NULL,https://gitlab.com/kb/checkout,https://gitlab.com/kb/checkout/issues/1,,,,,,,,200205-181538,closed,FALSE,0,0,2,NULL,detached,NULL,5,1,3,,
detached:https://gitlab.com/kb/mail/issues/1,NULL,NULL,NULL,NULL,https://gitlab.com/kb/mail,https://gitlab.com/kb/mail/issues/1,,,,,,,,200205-181539,closed,FALSE,0,0,2,NULL,detached,NULL,5,0,0,,
detached:https://gitlab.com/fdroid/fdroid-website/issues/407,NULL,NULL,NULL,NULL,https://gitlab.com/fdroid/fdroid-website,https://gitlab.com/fdroid/fdroid-website/issues/407,,,,,,,,200205-181540,closed,FALSE,0,1,2,NULL,detached,NULL,104,20,198,,
detached:https://gitlab.com/flatiron-dc/wedding_invitation/issues/1,NULL,NULL,NULL,NULL,https://gitlab.com/flatiron-dc/wedding_invitation,https://gitlab.com/flatiron-dc/wedding_invitation/issues/1,,,,,,,,200205-181544,opened,FALSE,0,0,0,NULL,detached,NULL,4,0,0,,
detached:https://gitlab.com/freedesktop-sdk/freedesktop-sdk/issues/841,NULL,NULL,NULL,NULL,https://gitlab.com/freedesktop-sdk/freedesktop-sdk,https://gitlab.com/freedesktop-sdk/freedesktop-sdk/issues/841,,,,,,,,200205-181544,closed,FALSE,0,0,3,NULL,detached,NULL,57,28,858,,
detached:https://gitlab.com/gioxa/odagrun/odagrun/issues/34,NULL,NULL,NULL,NULL,https://gitlab.com/gioxa/odagrun/odagrun,https://gitlab.com/gioxa/odagrun/odagrun/issues/34,,,,,,,,200205-181549,deleted,FALSE,0,0,0,NULL,detached,NULL,-1,-1,-1,,
detached:https://gitlab.com/gitlab-org/gitaly/issues/1865,NULL,NULL,NULL,NULL,https://gitlab.com/gitlab-org/gitaly,https://gitlab.com/gitlab-org/gitaly/issues/1865,,,,,,,,200205-181550,closed,FALSE,0,0,2,NULL,detached,NULL,82,44,687,,
detached:https://gitlab.com/gitlab-org/gitlab-qa/issues/401,NULL,NULL,NULL,NULL,https://gitlab.com/gitlab-org/gitlab-qa,https://gitlab.com/gitlab-org/gitlab-qa/issues/401,,,,,,,,200205-181554,closed,TRUE,0,0,12,NULL,detached,NULL,34,17,197,,
detached:https://gitlab.com/gitlab-org/gitlab-shell/issues/208,NULL,NULL,NULL,NULL,https://gitlab.com/gitlab-org/gitlab-shell,https://gitlab.com/gitlab-org/gitlab-shell/issues/208,,,,,,,,200205-181555,opened,FALSE,0,0,3,NULL,detached,NULL,129,13,85,,
detached:https://gitlab.com/gitlab-org/prometheus-client-mmap/issues/30,NULL,NULL,NULL,NULL,https://gitlab.com/gitlab-org/prometheus-client-mmap,https://gitlab.com/gitlab-org/prometheus-client-mmap/issues/30,,,,,,,,200205-181558,opened,FALSE,0,0,0,NULL,detached,NULL,24,5,17,,
detached:https://gitlab.com/gitlab-org/release-tools/issues/305,NULL,NULL,NULL,NULL,https://gitlab.com/gitlab-org/release-tools,https://gitlab.com/gitlab-org/release-tools/issues/305,,,,,,,,200205-181559,closed,FALSE,0,0,0,NULL,detached,NULL,86,21,368,,
detached:https://gitlab.com/gnutls/gnutls/issues/819,NULL,NULL,NULL,NULL,https://gitlab.com/gnutls/gnutls,https://gitlab.com/gnutls/gnutls/issues/819,,,,,,,,200205-181602,closed,FALSE,0,0,2,NULL,detached,NULL,60,22,381,,
detached:https://gitlab.com/valeth/discord-rpc-client.rs/issues/8,NULL,NULL,NULL,NULL,https://gitlab.com/valeth/discord-rpc-client.rs,https://gitlab.com/valeth/discord-rpc-client.rs/issues/8,,,,,,,,200205-181607,closed,FALSE,0,1,0,Wontfix,detached,NULL,3,0,0,,
detached:https://gitlab.com/materials-modeling/icet/issues/404,NULL,NULL,NULL,NULL,https://gitlab.com/materials-modeling/icet,https://gitlab.com/materials-modeling/icet/issues/404,,,,,,,,200205-181608,closed,FALSE,1,1,4,NULL,detached,"disagreement between the developers... one liked it, the other one didn't",10,9,186,,
detached:https://gitlab.com/materials-modeling/hiphive/issues/420,NULL,NULL,NULL,NULL,https://gitlab.com/materials-modeling/hiphive,https://gitlab.com/materials-modeling/hiphive/issues/420,,,,,,,,200205-181611,closed,FALSE,0,0,3,NULL,detached,NULL,8,7,91,,
detached:https://gitlab.com/gitlab-org/gitlab-insights/issues/135,NULL,NULL,NULL,NULL,https://gitlab.com/gitlab-org/gitlab-insights,https://gitlab.com/gitlab-org/gitlab-insights/issues/135,,,,,,,,200205-181613,opened,FALSE,1,0,2,Quality,detached,NULL,13,8,61,,
detached:https://gitlab.com/gitlab-org/gitter/irc-bridge/issues/110,NULL,NULL,NULL,NULL,https://gitlab.com/gitlab-org/gitter/irc-bridge,https://gitlab.com/gitlab-org/gitter/irc-bridge/issues/110,,,,,,,,200205-181614,deleted,FALSE,0,0,1,group::gitter,detached,NULL,-1,-1,-1,,